rosbagTimestamp,header,seq,stamp,secs,nsecs,frame_id,orientation,x,y,z,w,orientation_covariance,angular_velocity,x,y,z,angular_velocity_covariance,linear_acceleration,x,y,z,linear_acceleration_covariance
1496432510934555046,,20965,,1478825564,758639561,fcu,,-0.00183852739372,0.0179316212778,0.955216281066,0.295358990319,"[1.0, 0.0, 0.0, 0.0, 1.0, 0.0, 0.0, 0.0, 1.0]",,0.000222903167014,0.000228588236496,0.000676961382851,"[1.2184696791468346e-07, 0.0, 0.0, 0.0, 1.2184696791468346e-07, 0.0, 0.0, 0.0, 1.2184696791468346e-07]",,-0.1176798,0.30400615,9.30651085,"[8.999999999999999e-08, 0.0, 0.0, 0.0, 8.999999999999999e-08, 0.0, 0.0, 0.0, 8.999999999999999e-08]"
1496432511033639332,,20966,,1478825564,857480799,fcu,,-0.00181702916513,0.0179258752834,0.955229236879,0.295317568751,"[1.0, 0.0, 0.0, 0.0, 1.0, 0.0, 0.0, 0.0, 1.0]",,-0.000575441750698,-0.000756023975555,0.000224313815124,"[1.2184696791468346e-07, 0.0, 0.0, 0.0, 1.2184696791468346e-07, 0.0, 0.0, 0.0, 1.2184696791468346e-07]",,-0.1176798,0.30400615,9.30651085,"[8.999999999999999e-08, 0.0, 0.0, 0.0, 8.999999999999999e-08, 0.0, 0.0, 0.0, 8.999999999999999e-08]"
1496432511133989174,,20967,,1478825564,957935523,fcu,,-0.00185104090771,0.0179381389098,0.955275783332,0.295166011933,"[1.0, 0.0, 0.0, 0.0, 1.0, 0.0, 0.0, 0.0, 1.0]",,-0.0005222245818,0.00134610023815,0.000330609153025,"[1.2184696791468346e-07, 0.0, 0.0, 0.0, 1.2184696791468346e-07, 0.0, 0.0, 0.0, 1.2184696791468346e-07]",,-0.1176798,0.30400615,9.30651085,"[8.999999999999999e-08, 0.0, 0.0, 0.0, 8.999999999999999e-08, 0.0, 0.0, 0.0, 8.999999999999999e-08]"
1496432511234276379,,20968,,1478825565,58305456,fcu,,-0.00183290382969,0.0179497436489,0.955322165394,0.295015266509,"[1.0, 0.0, 0.0, 0.0, 1.0, 0.0, 0.0, 0.0, 1.0]",,0.000781622948125,-0.00123496539891,6.45677791908e-05,"[1.2184696791468346e-07, 0.0, 0.0, 0.0, 1.2184696791468346e-07, 0.0, 0.0, 0.0, 1.2184696791468346e-07]",,-0.1176798,0.30400615,9.30651085,"[8.999999999999999e-08, 0.0, 0.0, 0.0, 8.999999999999999e-08, 0.0, 0.0, 0.0, 8.999999999999999e-08]"
1496432511334872148,,20969,,1478825565,158867315,fcu,,-0.00181094739584,0.0179363428752,0.955295689957,0.295101936326,"[1.0, 0.0, 0.0, 0.0, 1.0, 0.0, 0.0, 0.0, 1.0]",,-0.000442541495431,-0.00155525398441,-0.000493908766657,"[1.2184696791468346e-07, 0.0, 0.0, 0.0, 1.2184696791468346e-07, 0.0, 0.0, 0.0, 1.2184696791468346e-07]",,-0.1176798,0.30400615,9.30651085,"[8.999999999999999e-08, 0.0, 0.0, 0.0, 8.999999999999999e-08, 0.0, 0.0, 0.0, 8.999999999999999e-08]"
1496432511428955491,,20970,,1478825565,253302625,fcu,,-0.00182691451894,0.0179348490658,0.955284613786,0.295137781784,"[1.0, 0.0, 0.0, 0.0, 1.0, 0.0, 0.0, 0.0, 1.0]",,-0.00116087088827,1.56813111971e-05,0.00030404352583,"[1.2184696791468346e-07, 0.0, 0.0, 0.0, 1.2184696791468346e-07, 0.0, 0.0, 0.0, 1.2184696791468346e-07]",,-0.12748645,0.30400615,9.3163175,"[8.999999999999999e-08, 0.0, 0.0, 0.0, 8.999999999999999e-08, 0.0, 0.0, 0.0, 8.999999999999999e-08]"
1496432511530258321,,20971,,1478825565,350008660,fcu,,-0.00178540942964,0.0179284560984,0.955271964238,0.295179364312,"[1.0, 0.0, 0.0, 0.0, 1.0, 0.0, 0.0, 0.0, 1.0]",,0.000488902849611,-0.00168714555912,0.000330544542521,"[1.2184696791468346e-07, 0.0, 0.0, 0.0, 1.2184696791468346e-07, 0.0, 0.0, 0.0, 1.2184696791468346e-07]",,-0.12748645,0.30400615,9.3163175,"[8.999999999999999e-08, 0.0, 0.0, 0.0, 8.999999999999999e-08, 0.0, 0.0, 0.0, 8.999999999999999e-08]"
1496432511626924448,,20972,,1478825565,450515624,fcu,,-0.00177663419405,0.0179060386102,0.955295279571,0.295105313712,"[1.0, 0.0, 0.0, 0.0, 1.0, 0.0, 0.0, 0.0, 1.0]",,-0.00110810587648,0.000840958266053,0.000624181353487,"[1.2184696791468346e-07, 0.0, 0.0, 0.0, 1.2184696791468346e-07, 0.0, 0.0, 0.0, 1.2184696791468346e-07]",,-0.12748645,0.30400615,9.3163175,"[8.999999999999999e-08, 0.0, 0.0, 0.0, 8.999999999999999e-08, 0.0, 0.0, 0.0, 8.999999999999999e-08]"
1496432511727312209,,20973,,1478825565,551188733,fcu,,-0.00173696728402,0.0178808157824,0.955317451337,0.295035297114,"[1.0, 0.0, 0.0, 0.0, 1.0, 0.0, 0.0, 0.0, 1.0]",,-0.000202905430342,-0.00158063857816,-0.000653941766359,"[1.2184696791468346e-07, 0.0, 0.0, 0.0, 1.2184696791468346e-07, 0.0, 0.0, 0.0, 1.2184696791468346e-07]",,-0.12748645,0.30400615,9.3163175,"[8.999999999999999e-08, 0.0, 0.0, 0.0, 8.999999999999999e-08, 0.0, 0.0, 0.0, 8.999999999999999e-08]"
1496432511827413896,,20974,,1478825565,651466686,fcu,,-0.00174460560702,0.0178755989259,0.955311815255,0.295053817037,"[1.0, 0.0, 0.0, 0.0, 1.0, 0.0, 0.0, 0.0, 1.0]",,-0.000761732051615,0.00100027397275,-0.000600621802732,"[1.2184696791468346e-07, 0.0, 0.0, 0.0, 1.2184696791468346e-07, 0.0, 0.0, 0.0, 1.2184696791468346e-07]",,-0.12748645,0.30400615,9.3163175,"[8.999999999999999e-08, 0.0, 0.0, 0.0, 8.999999999999999e-08, 0.0, 0.0, 0.0, 8.999999999999999e-08]"
1496432511933459507,,20975,,1478825565,757662804,fcu,,-0.00175699875995,0.0178743349166,0.955269050126,0.295192247489,"[1.0, 0.0, 0.0, 0.0, 1.0, 0.0, 0.0, 0.0, 1.0]",,-0.000469011778478,0.000201955699595,-0.000840154942125,"[1.2184696791468346e-07, 0.0, 0.0, 0.0, 1.2184696791468346e-07, 0.0, 0.0, 0.0, 1.2184696791468346e-07]",,-0.10787315,0.2941995,9.30651085,"[8.999999999999999e-08, 0.0, 0.0, 0.0, 8.999999999999999e-08, 0.0, 0.0, 0.0, 8.999999999999999e-08]"
1496432512028927868,,20976,,1478825565,852868008,fcu,,-0.0017343013336,0.0178663909325,0.955251179228,0.295250688156,"[1.0, 0.0, 0.0, 0.0, 1.0, 0.0, 0.0, 0.0, 1.0]",,0.000542150752153,-0.000809212797321,-0.000467621954158,"[1.2184696791468346e-07, 0.0, 0.0, 0.0, 1.2184696791468346e-07, 0.0, 0.0, 0.0, 1.2184696791468346e-07]",,-0.10787315,0.2941995,9.30651085,"[8.999999999999999e-08, 0.0, 0.0, 0.0, 8.999999999999999e-08, 0.0, 0.0, 0.0, 8.999999999999999e-08]"
1496432512129486044,,20977,,1478825565,953343097,fcu,,-0.00175579060355,0.017895157715,0.955246206587,0.295264907042,"[1.0, 0.0, 0.0, 0.0, 1.0, 0.0, 0.0, 0.0, 1.0]",,0.00221857172437,0.000468053185614,-1.52683351189e-05,"[1.2184696791468346e-07, 0.0, 0.0, 0.0, 1.2184696791468346e-07, 0.0, 0.0, 0.0, 1.2184696791468346e-07]",,-0.10787315,0.2941995,9.30651085,"[8.999999999999999e-08, 0.0, 0.0, 0.0, 8.999999999999999e-08, 0.0, 0.0, 0.0, 8.999999999999999e-08]"
1496432512229997094,,20978,,1478825566,53861519,fcu,,-0.00173794808287,0.0178873383643,0.955264739586,0.295205521571,"[1.0, 0.0, 0.0, 0.0, 1.0, 0.0, 0.0, 0.0, 1.0]",,0.000249431526754,-0.000662900798488,-0.000268381903879,"[1.2184696791468346e-07, 0.0, 0.0, 0.0, 1.2184696791468346e-07, 0.0, 0.0, 0.0, 1.2184696791468346e-07]",,-0.10787315,0.2941995,9.30651085,"[8.999999999999999e-08, 0.0, 0.0, 0.0, 8.999999999999999e-08, 0.0, 0.0, 0.0, 8.999999999999999e-08]"
1496432512330626695,,20979,,1478825566,154457024,fcu,,-0.00174253912039,0.017908989467,0.955261347606,0.29521515785,"[1.0, 0.0, 0.0, 0.0, 1.0, 0.0, 0.0, 0.0, 1.0]",,0.000968405453023,-5.0819318858e-05,-1.91538129002e-06,"[1.2184696791468346e-07, 0.0, 0.0, 0.0, 1.2184696791468346e-07, 0.0, 0.0, 0.0, 1.2184696791468346e-07]",,-0.10787315,0.2941995,9.30651085,"[8.999999999999999e-08, 0.0, 0.0, 0.0, 8.999999999999999e-08, 0.0, 0.0, 0.0, 8.999999999999999e-08]"
1496432512435067012,,20980,,1478825566,259320905,fcu,,-0.0017574406547,0.0179009738554,0.955241219185,0.295280679536,"[1.0, 0.0, 0.0, 0.0, 1.0, 0.0, 0.0, 0.0, 1.0]",,-0.000389280321542,0.000295143923722,5.08346129209e-05,"[1.2184696791468346e-07, 0.0, 0.0, 0.0, 1.2184696791468346e-07, 0.0, 0.0, 0.0, 1.2184696791468346e-07]",,-0.10787315,0.2941995,9.2967042,"[8.999999999999999e-08, 0.0, 0.0, 0.0, 8.999999999999999e-08, 0.0, 0.0, 0.0, 8.999999999999999e-08]"
1496432512534864146,,20981,,1478825566,357272092,fcu,,4.88369804248e-05,0.0176546320226,0.955608932376,0.294108619301,"[1.0, 0.0, 0.0, 0.0, 1.0, 0.0, 0.0, 0.0, 1.0]",,-0.0187184363604,-0.150755047798,0.113647252321,"[1.2184696791468346e-07, 0.0, 0.0, 0.0, 1.2184696791468346e-07, 0.0, 0.0, 0.0, 1.2184696791468346e-07]",,-0.10787315,0.2941995,9.2967042,"[8.999999999999999e-08, 0.0, 0.0, 0.0, 8.999999999999999e-08, 0.0, 0.0, 0.0, 8.999999999999999e-08]"
1496432512634416250,,20982,,1478825566,458178170,fcu,,-0.000928867325956,0.0188930979481,0.958039178231,0.286012449082,"[1.0, 0.0, 0.0, 0.0, 1.0, 0.0, 0.0, 0.0, 1.0]",,0.011261312291,-0.0442410297692,0.148120805621,"[1.2184696791468346e-07, 0.0, 0.0, 0.0, 1.2184696791468346e-07, 0.0, 0.0, 0.0, 1.2184696791468346e-07]",,-0.10787315,0.2941995,9.2967042,"[8.999999999999999e-08, 0.0, 0.0, 0.0, 8.999999999999999e-08, 0.0, 0.0, 0.0, 8.999999999999999e-08]"
1496432512735163776,,20983,,1478825566,559166174,fcu,,-0.000353531450443,0.0189130964675,0.961000432579,0.275899145306,"[1.0, 0.0, 0.0, 0.0, 1.0, 0.0, 0.0, 0.0, 1.0]",,-0.00858434196562,-0.0345654115081,0.234340339899,"[1.2184696791468346e-07, 0.0, 0.0, 0.0, 1.2184696791468346e-07, 0.0, 0.0, 0.0, 1.2184696791468346e-07]",,-0.10787315,0.2941995,9.2967042,"[8.999999999999999e-08, 0.0, 0.0, 0.0, 8.999999999999999e-08, 0.0, 0.0, 0.0, 8.999999999999999e-08]"
1496432512826816858,,20984,,1478825566,650373731,fcu,,-0.000157451843539,0.0196602722388,0.965114068763,0.261090565091,"[1.0, 0.0, 0.0, 0.0, 1.0, 0.0, 0.0, 0.0, 1.0]",,0.00194355496205,-0.00421636365354,0.276674628258,"[1.2184696791468346e-07, 0.0, 0.0, 0.0, 1.2184696791468346e-07, 0.0, 0.0, 0.0, 1.2184696791468346e-07]",,-0.10787315,0.2941995,9.2967042,"[8.999999999999999e-08, 0.0, 0.0, 0.0, 8.999999999999999e-08, 0.0, 0.0, 0.0, 8.999999999999999e-08]"
1496432512930093701,,20985,,1478825566,753817615,fcu,,0.00134917957938,0.019886526541,0.970122212424,0.241796606134,"[1.0, 0.0, 0.0, 0.0, 1.0, 0.0, 0.0, 0.0, 1.0]",,-0.00296628056094,-0.00616468582302,0.458880066872,"[1.2184696791468346e-07, 0.0, 0.0, 0.0, 1.2184696791468346e-07, 0.0, 0.0, 0.0, 1.2184696791468346e-07]",,0.6472389,0.61781895,9.36535075,"[8.999999999999999e-08, 0.0, 0.0, 0.0, 8.999999999999999e-08, 0.0, 0.0, 0.0, 8.999999999999999e-08]"
1496432513299731387,,20986,,1478825566,853182915,fcu,,0.000675160493343,0.0207956115637,0.975662031666,0.218290372356,"[1.0, 0.0, 0.0, 0.0, 1.0, 0.0, 0.0, 0.0, 1.0]",,-0.0481699071825,-0.0018750653835,0.518296301365,"[1.2184696791468346e-07, 0.0, 0.0, 0.0, 1.2184696791468346e-07, 0.0, 0.0, 0.0, 1.2184696791468346e-07]",,0.6472389,0.61781895,9.36535075,"[8.999999999999999e-08, 0.0, 0.0, 0.0, 8.999999999999999e-08, 0.0, 0.0, 0.0, 8.999999999999999e-08]"
1496432513300625876,,20987,,1478825566,953453941,fcu,,0.00120289212715,0.0177582332348,0.981335854517,0.1914762096,"[1.0, 0.0, 0.0, 0.0, 1.0, 0.0, 0.0, 0.0, 1.0]",,-0.0147721702233,0.0473937615752,0.596087574959,"[1.2184696791468346e-07, 0.0, 0.0, 0.0, 1.2184696791468346e-07, 0.0, 0.0, 0.0, 1.2184696791468346e-07]",,0.6472389,0.61781895,9.36535075,"[8.999999999999999e-08, 0.0, 0.0, 0.0, 8.999999999999999e-08, 0.0, 0.0, 0.0, 8.999999999999999e-08]"
1496432513300676094,,20988,,1478825567,53979655,fcu,,0.00448830792762,0.0179889436295,0.98675250572,0.161169927262,"[1.0, 0.0, 0.0, 0.0, 1.0, 0.0, 0.0, 0.0, 1.0]",,0.0699439421296,-0.0119966203347,0.691030263901,"[1.2184696791468346e-07, 0.0, 0.0, 0.0, 1.2184696791468346e-07, 0.0, 0.0, 0.0, 1.2184696791468346e-07]",,0.6472389,0.61781895,9.36535075,"[8.999999999999999e-08, 0.0, 0.0, 0.0, 8.999999999999999e-08, 0.0, 0.0, 0.0, 8.999999999999999e-08]"
1496432513365201638,,20989,,1478825567,154644586,fcu,,0.00540212866827,0.018093803247,0.991759604215,0.126713530208,"[1.0, 0.0, 0.0, 0.0, 1.0, 0.0, 0.0, 0.0, 1.0]",,-0.0221584048122,0.0174489375204,0.785262167454,"[1.2184696791468346e-07, 0.0, 0.0, 0.0, 1.2184696791468346e-07, 0.0, 0.0, 0.0, 1.2184696791468346e-07]",,0.6472389,0.61781895,9.36535075,"[8.999999999999999e-08, 0.0, 0.0, 0.0, 8.999999999999999e-08, 0.0, 0.0, 0.0, 8.999999999999999e-08]"
1496432513522227269,,20990,,1478825567,256516599,fcu,,0.00703944067323,0.0168976317599,0.995801598643,0.0896888647274,"[1.0, 0.0, 0.0, 0.0, 1.0, 0.0, 0.0, 0.0, 1.0]",,0.0698848068714,0.003014982678,0.874238431454,"[1.2184696791468346e-07, 0.0, 0.0, 0.0, 1.2184696791468346e-07, 0.0, 0.0, 0.0, 1.2184696791468346e-07]",,0.24516625,0.85317855,9.77723005,"[8.999999999999999e-08, 0.0, 0.0, 0.0, 8.999999999999999e-08, 0.0, 0.0, 0.0, 8.999999999999999e-08]"
1496432513533634103,,20991,,1478825567,356399085,fcu,,0.00778358041099,0.014910503633,0.99861108084,0.0499299707663,"[1.0, 0.0, 0.0, 0.0, 1.0, 0.0, 0.0, 0.0, 1.0]",,-0.0466593839228,-0.0368498936296,0.922176718712,"[1.2184696791468346e-07, 0.0, 0.0, 0.0, 1.2184696791468346e-07, 0.0, 0.0, 0.0, 1.2184696791468346e-07]",,0.24516625,0.85317855,9.77723005,"[8.999999999999999e-08, 0.0, 0.0, 0.0, 8.999999999999999e-08, 0.0, 0.0, 0.0, 8.999999999999999e-08]"
1496432513633163678,,20992,,1478825567,457021413,fcu,,0.00680329591202,0.0133353960866,0.9998513977,0.00854780043826,"[1.0, 0.0, 0.0, 0.0, 1.0, 0.0, 0.0, 0.0, 1.0]",,0.0151004809886,-0.0860915407538,0.919117212296,"[1.2184696791468346e-07, 0.0, 0.0, 0.0, 1.2184696791468346e-07, 0.0, 0.0, 0.0, 1.2184696791468346e-07]",,0.24516625,0.85317855,9.77723005,"[8.999999999999999e-08, 0.0, 0.0, 0.0, 8.999999999999999e-08, 0.0, 0.0, 0.0, 8.999999999999999e-08]"
1496432513747435931,,20993,,1478825567,557409626,fcu,,-0.00975994345463,-0.0136918135395,-0.999212085981,0.0359511470652,"[1.0, 0.0, 0.0, 0.0, 1.0, 0.0, 0.0, 0.0, 1.0]",,0.003826408647,-0.0852736383677,0.976370215416,"[1.2184696791468346e-07, 0.0, 0.0, 0.0, 1.2184696791468346e-07, 0.0, 0.0, 0.0, 1.2184696791468346e-07]",,0.24516625,0.85317855,9.77723005,"[8.999999999999999e-08, 0.0, 0.0, 0.0, 8.999999999999999e-08, 0.0, 0.0, 0.0, 8.999999999999999e-08]"
1496432513890767820,,20994,,1478825567,658217006,fcu,,-0.00895359573622,-0.0131393573694,-0.996749302699,0.0789811242022,"[1.0, 0.0, 0.0, 0.0, 1.0, 0.0, 0.0, 0.0, 1.0]",,0.0278029032052,0.0584304407239,0.998252391815,"[1.2184696791468346e-07, 0.0, 0.0, 0.0, 1.2184696791468346e-07, 0.0, 0.0, 0.0, 1.2184696791468346e-07]",,0.24516625,0.85317855,9.77723005,"[8.999999999999999e-08, 0.0, 0.0, 0.0, 8.999999999999999e-08, 0.0, 0.0, 0.0, 8.999999999999999e-08]"
1496432513939149950,,20995,,1478825567,761701150,fcu,,-0.0106611354877,-0.0101717126717,-0.992406179132,0.122118188946,"[1.0, 0.0, 0.0, 0.0, 1.0, 0.0, 0.0, 0.0, 1.0]",,-0.0141842020676,0.111167296767,1.01719224453,"[1.2184696791468346e-07, 0.0, 0.0, 0.0, 1.2184696791468346e-07, 0.0, 0.0, 0.0, 1.2184696791468346e-07]",,-0.0980665,0.99047165,9.3555441,"[8.999999999999999e-08, 0.0, 0.0, 0.0, 8.999999999999999e-08, 0.0, 0.0, 0.0, 8.999999999999999e-08]"
1496432514061340511,,20996,,1478825567,849816214,fcu,,-0.0118051547831,-0.0112792501424,-0.986544242061,0.162677211969,"[1.0, 0.0, 0.0, 0.0, 1.0, 0.0, 0.0, 0.0, 1.0]",,0.0395880676806,-0.0482536628842,0.960043430328,"[1.2184696791468346e-07, 0.0, 0.0, 0.0, 1.2184696791468346e-07, 0.0, 0.0, 0.0, 1.2184696791468346e-07]",,-0.0980665,0.99047165,9.3555441,"[8.999999999999999e-08, 0.0, 0.0, 0.0, 8.999999999999999e-08, 0.0, 0.0, 0.0, 8.999999999999999e-08]"
1496432514203985409,,20997,,1478825567,950513542,fcu,,-0.0118761001564,-0.011574407898,-0.978472983264,0.205707589429,"[1.0, 0.0, 0.0, 0.0, 1.0, 0.0, 0.0, 0.0, 1.0]",,0.00494749797508,-0.0321503281593,1.00505161285,"[1.2184696791468346e-07, 0.0, 0.0, 0.0, 1.2184696791468346e-07, 0.0, 0.0, 0.0, 1.2184696791468346e-07]",,-0.0980665,0.99047165,9.3555441,"[8.999999999999999e-08, 0.0, 0.0, 0.0, 8.999999999999999e-08, 0.0, 0.0, 0.0, 8.999999999999999e-08]"
1496432514228761907,,20998,,1478825568,51265713,fcu,,-0.0132185725738,-0.0109256993103,-0.96907449161,0.246171745218,"[1.0, 0.0, 0.0, 0.0, 1.0, 0.0, 0.0, 0.0, 1.0]",,-0.118044629693,-0.0651688203216,0.878727793694,"[1.2184696791468346e-07, 0.0, 0.0, 0.0, 1.2184696791468346e-07, 0.0, 0.0, 0.0, 1.2184696791468346e-07]",,-0.0980665,0.99047165,9.3555441,"[8.999999999999999e-08, 0.0, 0.0, 0.0, 8.999999999999999e-08, 0.0, 0.0, 0.0, 8.999999999999999e-08]"
1496432514366124501,,20999,,1478825568,151842833,fcu,,-0.0111494666493,-0.00717115796072,-0.957569837343,0.287896284273,"[1.0, 0.0, 0.0, 0.0, 1.0, 0.0, 0.0, 0.0, 1.0]",,-0.0422001071274,0.0375522114336,0.935985743999,"[1.2184696791468346e-07, 0.0, 0.0, 0.0, 1.2184696791468346e-07, 0.0, 0.0, 0.0, 1.2184696791468346e-07]",,-0.0980665,0.99047165,9.3555441,"[8.999999999999999e-08, 0.0, 0.0, 0.0, 8.999999999999999e-08, 0.0, 0.0, 0.0, 8.999999999999999e-08]"
1496432514431527217,,21000,,1478825568,254031772,fcu,,-0.0112922165057,-0.00843367681075,-0.944154551765,0.329201368957,"[1.0, 0.0, 0.0, 0.0, 1.0, 0.0, 0.0, 0.0, 1.0]",,0.00436532124877,0.0886471793056,0.96873742342,"[1.2184696791468346e-07, 0.0, 0.0, 0.0, 1.2184696791468346e-07, 0.0, 0.0, 0.0, 1.2184696791468346e-07]",,-0.28439285,1.0787315,9.1790244,"[8.999999999999999e-08, 0.0, 0.0, 0.0, 8.999999999999999e-08, 0.0, 0.0, 0.0, 8.999999999999999e-08]"
1496432514530323389,,21001,,1478825568,353812539,fcu,,-0.00896138884126,-0.00788915440334,-0.929396189281,0.368890468979,"[1.0, 0.0, 0.0, 0.0, 1.0, 0.0, 0.0, 0.0, 1.0]",,-0.0129243861884,0.136884272099,0.962444245815,"[1.2184696791468346e-07, 0.0, 0.0, 0.0, 1.2184696791468346e-07, 0.0, 0.0, 0.0, 1.2184696791468346e-07]",,-0.28439285,1.0787315,9.1790244,"[8.999999999999999e-08, 0.0, 0.0, 0.0, 8.999999999999999e-08, 0.0, 0.0, 0.0, 8.999999999999999e-08]"
1496432514675463600,,21002,,1478825568,454515440,fcu,,-0.00963551087813,-0.00640033137535,-0.913427209274,0.406837714631,"[1.0, 0.0, 0.0, 0.0, 1.0, 0.0, 0.0, 0.0, 1.0]",,-0.0405852533877,0.0701068267226,0.989167332649,"[1.2184696791468346e-07, 0.0, 0.0, 0.0, 1.2184696791468346e-07, 0.0, 0.0, 0.0, 1.2184696791468346e-07]",,-0.28439285,1.0787315,9.1790244,"[8.999999999999999e-08, 0.0, 0.0, 0.0, 8.999999999999999e-08, 0.0, 0.0, 0.0, 8.999999999999999e-08]"
1496432514818831640,,21003,,1478825568,555144382,fcu,,-0.00868152801063,-0.00579604197925,-0.8978704724,0.440135946909,"[1.0, 0.0, 0.0, 0.0, 1.0, 0.0, 0.0, 0.0, 1.0]",,-0.0358807779849,-0.0742309316993,0.896653652191,"[1.2184696791468346e-07, 0.0, 0.0, 0.0, 1.2184696791468346e-07, 0.0, 0.0, 0.0, 1.2184696791468346e-07]",,-0.28439285,1.0787315,9.1790244,"[8.999999999999999e-08, 0.0, 0.0, 0.0, 8.999999999999999e-08, 0.0, 0.0, 0.0, 8.999999999999999e-08]"
1496432514831550415,,21004,,1478825568,655893585,fcu,,-0.0064982542761,-0.00732284558192,-0.878181649388,0.478227079223,"[1.0, 0.0, 0.0, 0.0, 1.0, 0.0, 0.0, 0.0, 1.0]",,0.0195784177631,0.07427380234,0.979326248169,"[1.2184696791468346e-07, 0.0, 0.0, 0.0, 1.2184696791468346e-07, 0.0, 0.0, 0.0, 1.2184696791468346e-07]",,-0.28439285,1.0787315,9.1790244,"[8.999999999999999e-08, 0.0, 0.0, 0.0, 8.999999999999999e-08, 0.0, 0.0, 0.0, 8.999999999999999e-08]"
1496432514979932180,,21005,,1478825568,758484919,fcu,,-0.00588544826687,-0.00775260592127,-0.859904533659,0.510362078913,"[1.0, 0.0, 0.0, 0.0, 1.0, 0.0, 0.0, 0.0, 1.0]",,-0.0224188249558,-0.00556019134819,0.97190785408,"[1.2184696791468346e-07, 0.0, 0.0, 0.0, 1.2184696791468346e-07, 0.0, 0.0, 0.0, 1.2184696791468346e-07]",,-0.28439285,1.22583125,9.77723005,"[8.999999999999999e-08, 0.0, 0.0, 0.0, 8.999999999999999e-08, 0.0, 0.0, 0.0, 8.999999999999999e-08]"
1496432515034925549,,21006,,1478825568,857862718,fcu,,-0.00411353147207,-0.00611949071217,-0.8385798004,0.544728876647,"[1.0, 0.0, 0.0, 0.0, 1.0, 0.0, 0.0, 0.0, 1.0]",,0.0160027761012,0.0892090648413,0.96941447258,"[1.2184696791468346e-07, 0.0, 0.0, 0.0, 1.2184696791468346e-07, 0.0, 0.0, 0.0, 1.2184696791468346e-07]",,-0.28439285,1.22583125,9.77723005,"[8.999999999999999e-08, 0.0, 0.0, 0.0, 8.999999999999999e-08, 0.0, 0.0, 0.0, 8.999999999999999e-08]"
1496432515136284728,,21007,,1478825568,959473117,fcu,,-0.00476106152034,-0.0107929924005,-0.815643311252,0.578434812592,"[1.0, 0.0, 0.0, 0.0, 1.0, 0.0, 0.0, 0.0, 1.0]",,0.0799929797649,-0.0679420530796,1.02003335953,"[1.2184696791468346e-07, 0.0, 0.0, 0.0, 1.2184696791468346e-07, 0.0, 0.0, 0.0, 1.2184696791468346e-07]",,-0.28439285,1.22583125,9.77723005,"[8.999999999999999e-08, 0.0, 0.0, 0.0, 8.999999999999999e-08, 0.0, 0.0, 0.0, 8.999999999999999e-08]"
1496432515286549668,,21008,,1478825569,53165148,fcu,,-0.0027670581352,-0.0098486746334,-0.790425722618,0.61247246797,"[1.0, 0.0, 0.0, 0.0, 1.0, 0.0, 0.0, 0.0, 1.0]",,-0.0107814883813,0.0428538136184,0.99162530899,"[1.2184696791468346e-07, 0.0, 0.0, 0.0, 1.2184696791468346e-07, 0.0, 0.0, 0.0, 1.2184696791468346e-07]",,-0.28439285,1.22583125,9.77723005,"[8.999999999999999e-08, 0.0, 0.0, 0.0, 8.999999999999999e-08, 0.0, 0.0, 0.0, 8.999999999999999e-08]"
1496432515376996342,,21009,,1478825569,150395816,fcu,,-0.00403328473442,-0.00813559903591,-0.763015844613,0.646315995092,"[1.0, 0.0, 0.0, 0.0, 1.0, 0.0, 0.0, 0.0, 1.0]",,-0.0913768783212,0.0390555150807,1.00703632832,"[1.2184696791468346e-07, 0.0, 0.0, 0.0, 1.2184696791468346e-07, 0.0, 0.0, 0.0, 1.2184696791468346e-07]",,-0.28439285,1.22583125,9.77723005,"[8.999999999999999e-08, 0.0, 0.0, 0.0, 8.999999999999999e-08, 0.0, 0.0, 0.0, 8.999999999999999e-08]"
1496432515429574079,,21010,,1478825569,252437308,fcu,,-0.00223870742212,-0.0051835296515,-0.735001309916,0.678042176882,"[1.0, 0.0, 0.0, 0.0, 1.0, 0.0, 0.0, 0.0, 1.0]",,-0.0485243313015,-0.0243066418916,0.937627196312,"[1.2184696791468346e-07, 0.0, 0.0, 0.0, 1.2184696791468346e-07, 0.0, 0.0, 0.0, 1.2184696791468346e-07]",,-0.18632635,1.2552512,8.62004535,"[8.999999999999999e-08, 0.0, 0.0, 0.0, 8.999999999999999e-08, 0.0, 0.0, 0.0, 8.999999999999999e-08]"
1496432515530562012,,21011,,1478825569,352981823,fcu,,-0.000694290646391,-0.00789732528589,-0.703682368144,0.710470460313,"[1.0, 0.0, 0.0, 0.0, 1.0, 0.0, 0.0, 0.0, 1.0]",,0.0460354425013,0.0289335101843,1.06431424618,"[1.2184696791468346e-07, 0.0, 0.0, 0.0, 1.2184696791468346e-07, 0.0, 0.0, 0.0, 1.2184696791468346e-07]",,-0.18632635,1.2552512,8.62004535,"[8.999999999999999e-08, 0.0, 0.0, 0.0, 8.999999999999999e-08, 0.0, 0.0, 0.0, 8.999999999999999e-08]"
1496432515630542334,,21012,,1478825569,453729984,fcu,,-0.00252731190298,-0.00886970488128,-0.672309726034,0.740212519018,"[1.0, 0.0, 0.0, 0.0, 1.0, 0.0, 0.0, 0.0, 1.0]",,-0.11096227169,0.0138448132202,1.02685546875,"[1.2184696791468346e-07, 0.0, 0.0, 0.0, 1.2184696791468346e-07, 0.0, 0.0, 0.0, 1.2184696791468346e-07]",,-0.18632635,1.2552512,8.62004535,"[8.999999999999999e-08, 0.0, 0.0, 0.0, 8.999999999999999e-08, 0.0, 0.0, 0.0, 8.999999999999999e-08]"
1496432515732369534,,21013,,1478825569,555054654,fcu,,-0.00151605430288,-0.00671542615802,-0.636945951173,0.770877720469,"[1.0, 0.0, 0.0, 0.0, 1.0, 0.0, 0.0, 0.0, 1.0]",,-0.0296173896641,0.0985936447978,1.05658793449,"[1.2184696791468346e-07, 0.0, 0.0, 0.0, 1.2184696791468346e-07, 0.0, 0.0, 0.0, 1.2184696791468346e-07]",,-0.18632635,1.2552512,8.62004535,"[8.999999999999999e-08, 0.0, 0.0, 0.0, 8.999999999999999e-08, 0.0, 0.0, 0.0, 8.999999999999999e-08]"
1496432515833174784,,21014,,1478825569,656406460,fcu,,-0.00308375322931,-0.00811495766838,-0.600638238247,0.799473792368,"[1.0, 0.0, 0.0, 0.0, 1.0, 0.0, 0.0, 0.0, 1.0]",,-0.00688114203513,-0.0610820837319,1.0544936657,"[1.2184696791468346e-07, 0.0, 0.0, 0.0, 1.2184696791468346e-07, 0.0, 0.0, 0.0, 1.2184696791468346e-07]",,-0.18632635,1.2552512,8.62004535,"[8.999999999999999e-08, 0.0, 0.0, 0.0, 8.999999999999999e-08, 0.0, 0.0, 0.0, 8.999999999999999e-08]"
1496432515937259952,,21015,,1478825569,760278624,fcu,,-0.000388609734503,-0.00715814987641,-0.562184417046,0.82698082874,"[1.0, 0.0, 0.0, 0.0, 1.0, 0.0, 0.0, 0.0, 1.0]",,-0.0289049446583,-0.0474843233824,1.01478827,"[1.2184696791468346e-07, 0.0, 0.0, 0.0, 1.2184696791468346e-07, 0.0, 0.0, 0.0, 1.2184696791468346e-07]",,-0.2353596,1.569064,9.54187045,"[8.999999999999999e-08, 0.0, 0.0, 0.0, 8.999999999999999e-08, 0.0, 0.0, 0.0, 8.999999999999999e-08]"
1496432516036024153,,21016,,1478825569,859279028,fcu,,9.51345501418e-05,-0.00831370605772,-0.520853589534,0.853605536246,"[1.0, 0.0, 0.0, 0.0, 1.0, 0.0, 0.0, 0.0, 1.0]",,-0.0482927188277,-0.0511454679072,1.02822208405,"[1.2184696791468346e-07, 0.0, 0.0, 0.0, 1.2184696791468346e-07, 0.0, 0.0, 0.0, 1.2184696791468346e-07]",,-0.2353596,1.569064,9.54187045,"[8.999999999999999e-08, 0.0, 0.0, 0.0, 8.999999999999999e-08, 0.0, 0.0, 0.0, 8.999999999999999e-08]"
1496432516126879556,,21017,,1478825569,950263357,fcu,,-0.00191426107239,-0.00537473477501,-0.480175892943,0.877153669357,"[1.0, 0.0, 0.0, 0.0, 1.0, 0.0, 0.0, 0.0, 1.0]",,-0.0614237785339,-0.0636285170913,0.997066915035,"[1.2184696791468346e-07, 0.0, 0.0, 0.0, 1.2184696791468346e-07, 0.0, 0.0, 0.0, 1.2184696791468346e-07]",,-0.2353596,1.569064,9.54187045,"[8.999999999999999e-08, 0.0, 0.0, 0.0, 8.999999999999999e-08, 0.0, 0.0, 0.0, 8.999999999999999e-08]"
1496432516227635642,,21018,,1478825570,51650214,fcu,,0.000384437189508,-0.00784107016598,-0.435738207296,0.900039212773,"[1.0, 0.0, 0.0, 0.0, 1.0, 0.0, 0.0, 0.0, 1.0]",,0.0227157995105,0.0830258131027,1.01924049854,"[1.2184696791468346e-07, 0.0, 0.0, 0.0, 1.2184696791468346e-07, 0.0, 0.0, 0.0, 1.2184696791468346e-07]",,-0.2353596,1.569064,9.54187045,"[8.999999999999999e-08, 0.0, 0.0, 0.0, 8.999999999999999e-08, 0.0, 0.0, 0.0, 8.999999999999999e-08]"
1496432516330230958,,21019,,1478825570,152692958,fcu,,0.000635157221193,-0.0067687299554,-0.388499515209,0.92142384794,"[1.0, 0.0, 0.0, 0.0, 1.0, 0.0, 0.0, 0.0, 1.0]",,-0.0419919975102,0.167651876807,1.07103252411,"[1.2184696791468346e-07, 0.0, 0.0, 0.0, 1.2184696791468346e-07, 0.0, 0.0, 0.0, 1.2184696791468346e-07]",,-0.2353596,1.569064,9.54187045,"[8.999999999999999e-08, 0.0, 0.0, 0.0, 8.999999999999999e-08, 0.0, 0.0, 0.0, 8.999999999999999e-08]"
1496432516432621527,,21020,,1478825570,255575801,fcu,,0.0009619463732,-0.00358408628587,-0.342115508428,0.939650577544,"[1.0, 0.0, 0.0, 0.0, 1.0, 0.0, 0.0, 0.0, 1.0]",,-0.0851805880666,0.0964740812778,0.988347232342,"[1.2184696791468346e-07, 0.0, 0.0, 0.0, 1.2184696791468346e-07, 0.0, 0.0, 0.0, 1.2184696791468346e-07]",,-0.50013915,1.52003075,9.97336305,"[8.999999999999999e-08, 0.0, 0.0, 0.0, 8.999999999999999e-08, 0.0, 0.0, 0.0, 8.999999999999999e-08]"
1496432516532122680,,21021,,1478825570,355618495,fcu,,0.00243604514448,-0.00522539778319,-0.297947478846,0.954564854136,"[1.0, 0.0, 0.0, 0.0, 1.0, 0.0, 0.0, 0.0, 1.0]",,0.0551343970001,-0.0558778978884,1.03081226349,"[1.2184696791468346e-07, 0.0, 0.0, 0.0, 1.2184696791468346e-07, 0.0, 0.0, 0.0, 1.2184696791468346e-07]",,-0.50013915,1.52003075,9.97336305,"[8.999999999999999e-08, 0.0, 0.0, 0.0, 8.999999999999999e-08, 0.0, 0.0, 0.0, 8.999999999999999e-08]"
1496432516633159915,,21022,,1478825570,456847540,fcu,,0.00449228888966,-0.00708945490148,-0.249250299307,0.968402729894,"[1.0, 0.0, 0.0, 0.0, 1.0, 0.0, 0.0, 0.0, 1.0]",,-0.0050387699157,-0.0821054205298,0.999511837959,"[1.2184696791468346e-07, 0.0, 0.0, 0.0, 1.2184696791468346e-07, 0.0, 0.0, 0.0, 1.2184696791468346e-07]",,-0.50013915,1.52003075,9.97336305,"[8.999999999999999e-08, 0.0, 0.0, 0.0, 8.999999999999999e-08, 0.0, 0.0, 0.0, 8.999999999999999e-08]"
1496432516734927195,,21023,,1478825570,558662157,fcu,,0.00571814440043,-0.00547370258877,-0.196927807328,0.980386036266,"[1.0, 0.0, 0.0, 0.0, 1.0, 0.0, 0.0, 0.0, 1.0]",,-0.00250550033525,-0.00390446255915,1.06870305538,"[1.2184696791468346e-07, 0.0, 0.0, 0.0, 1.2184696791468346e-07, 0.0, 0.0, 0.0, 1.2184696791468346e-07]",,-0.50013915,1.52003075,9.97336305,"[8.999999999999999e-08, 0.0, 0.0, 0.0, 8.999999999999999e-08, 0.0, 0.0, 0.0, 8.999999999999999e-08]"
1496432516835453178,,21024,,1478825570,659168340,fcu,,0.00426107618046,-0.00221761123266,-0.143711068675,0.989608030571,"[1.0, 0.0, 0.0, 0.0, 1.0, 0.0, 0.0, 0.0, 1.0]",,0.00142623565625,-0.0330661199987,1.04079782963,"[1.2184696791468346e-07, 0.0, 0.0, 0.0, 1.2184696791468346e-07, 0.0, 0.0, 0.0, 1.2184696791468346e-07]",,-0.50013915,1.52003075,9.97336305,"[8.999999999999999e-08, 0.0, 0.0, 0.0, 8.999999999999999e-08, 0.0, 0.0, 0.0, 8.999999999999999e-08]"
1496432516929188846,,21025,,1478825570,753327296,fcu,,0.00816058077618,-0.00132222958042,-0.0856047179371,0.996294880493,"[1.0, 0.0, 0.0, 0.0, 1.0, 0.0, 0.0, 0.0, 1.0]",,-0.0484262853861,0.0463268756866,1.09810435772,"[1.2184696791468346e-07, 0.0, 0.0, 0.0, 1.2184696791468346e-07, 0.0, 0.0, 0.0, 1.2184696791468346e-07]",,-0.28439285,1.5494507,9.56148375,"[8.999999999999999e-08, 0.0, 0.0, 0.0, 8.999999999999999e-08, 0.0, 0.0, 0.0, 8.999999999999999e-08]"
1496432517030122362,,21026,,1478825570,851970514,fcu,,0.00589371894485,0.000275252340677,-0.027478904767,0.999604971029,"[1.0, 0.0, 0.0, 0.0, 1.0, 0.0, 0.0, 0.0, 1.0]",,-0.100879654288,0.0586719959974,1.08935916424,"[1.2184696791468346e-07, 0.0, 0.0, 0.0, 1.2184696791468346e-07, 0.0, 0.0, 0.0, 1.2184696791468346e-07]",,-0.28439285,1.5494507,9.56148375,"[8.999999999999999e-08, 0.0, 0.0, 0.0, 8.999999999999999e-08, 0.0, 0.0, 0.0, 8.999999999999999e-08]"
1496432517129998763,,21027,,1478825570,953287632,fcu,,0.00381565674913,0.00102429041074,0.0299392171402,0.999543913427,"[1.0, 0.0, 0.0, 0.0, 1.0, 0.0, 0.0, 0.0, 1.0]",,-0.11912997812,0.0756900385022,1.10705840588,"[1.2184696791468346e-07, 0.0, 0.0, 0.0, 1.2184696791468346e-07, 0.0, 0.0, 0.0, 1.2184696791468346e-07]",,-0.28439285,1.5494507,9.56148375,"[8.999999999999999e-08, 0.0, 0.0, 0.0, 8.999999999999999e-08, 0.0, 0.0, 0.0, 8.999999999999999e-08]"
1496432517230680415,,21028,,1478825571,54398396,fcu,,0.00472178078429,-0.000749445248624,0.0857772617666,0.996302867848,"[1.0, 0.0, 0.0, 0.0, 1.0, 0.0, 0.0, 0.0, 1.0]",,-0.0110583724454,-0.0166332703084,0.977671146393,"[1.2184696791468346e-07, 0.0, 0.0, 0.0, 1.2184696791468346e-07, 0.0, 0.0, 0.0, 1.2184696791468346e-07]",,-0.28439285,1.5494507,9.56148375,"[8.999999999999999e-08, 0.0, 0.0, 0.0, 8.999999999999999e-08, 0.0, 0.0, 0.0, 8.999999999999999e-08]"
1496432517333764651,,21029,,1478825571,155594577,fcu,,0.00751364898015,-0.00328451990448,0.144473239311,0.989474729405,"[1.0, 0.0, 0.0, 0.0, 1.0, 0.0, 0.0, 0.0, 1.0]",,0.0353814512491,-0.0460478626192,1.0316940546,"[1.2184696791468346e-07, 0.0, 0.0, 0.0, 1.2184696791468346e-07, 0.0, 0.0, 0.0, 1.2184696791468346e-07]",,-0.28439285,1.5494507,9.56148375,"[8.999999999999999e-08, 0.0, 0.0, 0.0, 8.999999999999999e-08, 0.0, 0.0, 0.0, 8.999999999999999e-08]"
1496432517435538959,,21030,,1478825571,258801587,fcu,,0.00854429601819,-0.00211527201752,0.201673668206,0.979413218301,"[1.0, 0.0, 0.0, 0.0, 1.0, 0.0, 0.0, 0.0, 1.0]",,-0.101581253111,-0.0352636687458,0.973250508308,"[1.2184696791468346e-07, 0.0, 0.0, 0.0, 1.2184696791468346e-07, 0.0, 0.0, 0.0, 1.2184696791468346e-07]",,-0.2157463,1.63771055,9.16921775,"[8.999999999999999e-08, 0.0, 0.0, 0.0, 8.999999999999999e-08, 0.0, 0.0, 0.0, 8.999999999999999e-08]"
1496432517535446596,,21031,,1478825571,358782197,fcu,,0.00840798357655,-0.00166555034587,0.256899153708,0.966400205183,"[1.0, 0.0, 0.0, 0.0, 1.0, 0.0, 0.0, 0.0, 1.0]",,0.0456880070269,-0.0797212421894,0.948490083218,"[1.2184696791468346e-07, 0.0, 0.0, 0.0, 1.2184696791468346e-07, 0.0, 0.0, 0.0, 1.2184696791468346e-07]",,-0.2157463,1.63771055,9.16921775,"[8.999999999999999e-08, 0.0, 0.0, 0.0, 8.999999999999999e-08, 0.0, 0.0, 0.0, 8.999999999999999e-08]"
1496432517628260205,,21032,,1478825571,449664859,fcu,,0.0100563926277,-0.00282030173573,0.312487771868,0.94986436258,"[1.0, 0.0, 0.0, 0.0, 1.0, 0.0, 0.0, 0.0, 1.0]",,-0.00885017029941,0.002258510096,1.03028964996,"[1.2184696791468346e-07, 0.0, 0.0, 0.0, 1.2184696791468346e-07, 0.0, 0.0, 0.0, 1.2184696791468346e-07]",,-0.2157463,1.63771055,9.16921775,"[8.999999999999999e-08, 0.0, 0.0, 0.0, 8.999999999999999e-08, 0.0, 0.0, 0.0, 8.999999999999999e-08]"
1496432517729206945,,21033,,1478825571,550964269,fcu,,0.0107213673231,-0.00140224382834,0.367128881393,0.930107235991,"[1.0, 0.0, 0.0, 0.0, 1.0, 0.0, 0.0, 0.0, 1.0]",,0.0211195684969,0.0169370081276,1.07091701031,"[1.2184696791468346e-07, 0.0, 0.0, 0.0, 1.2184696791468346e-07, 0.0, 0.0, 0.0, 1.2184696791468346e-07]",,-0.2157463,1.63771055,9.16921775,"[8.999999999999999e-08, 0.0, 0.0, 0.0, 8.999999999999999e-08, 0.0, 0.0, 0.0, 8.999999999999999e-08]"
1496432517828736485,,21034,,1478825571,651920190,fcu,,0.00894536916436,-0.000331317996567,0.422340069696,0.906393256886,"[1.0, 0.0, 0.0, 0.0, 1.0, 0.0, 0.0, 0.0, 1.0]",,-0.0451513789594,0.172535181046,0.988292276859,"[1.2184696791468346e-07, 0.0, 0.0, 0.0, 1.2184696791468346e-07, 0.0, 0.0, 0.0, 1.2184696791468346e-07]",,-0.2157463,1.63771055,9.16921775,"[8.999999999999999e-08, 0.0, 0.0, 0.0, 8.999999999999999e-08, 0.0, 0.0, 0.0, 8.999999999999999e-08]"
1496432517931344334,,21035,,1478825571,754877721,fcu,,0.00947923818578,-0.000944754122987,0.473601293521,0.880687837011,"[1.0, 0.0, 0.0, 0.0, 1.0, 0.0, 0.0, 0.0, 1.0]",,-0.0555694177747,0.00363648706116,1.03390538692,"[1.2184696791468346e-07, 0.0, 0.0, 0.0, 1.2184696791468346e-07, 0.0, 0.0, 0.0, 1.2184696791468346e-07]",,-0.44129925,1.40235095,9.97336305,"[8.999999999999999e-08, 0.0, 0.0, 0.0, 8.999999999999999e-08, 0.0, 0.0, 0.0, 8.999999999999999e-08]"
1496432518031169906,,21036,,1478825571,854735050,fcu,,0.00928899693636,-0.000296990645264,0.525306628334,0.850862252401,"[1.0, 0.0, 0.0, 0.0, 1.0, 0.0, 0.0, 0.0, 1.0]",,-0.020133042708,0.0565523765981,1.03956592083,"[1.2184696791468346e-07, 0.0, 0.0, 0.0, 1.2184696791468346e-07, 0.0, 0.0, 0.0, 1.2184696791468346e-07]",,-0.44129925,1.40235095,9.97336305,"[8.999999999999999e-08, 0.0, 0.0, 0.0, 8.999999999999999e-08, 0.0, 0.0, 0.0, 8.999999999999999e-08]"
1496432518132752663,,21037,,1478825571,955688627,fcu,,0.00713208353539,-0.000402304793745,0.574977887729,0.818137763557,"[1.0, 0.0, 0.0, 0.0, 1.0, 0.0, 0.0, 0.0, 1.0]",,-0.0946695357561,-0.00356672168709,1.05571293831,"[1.2184696791468346e-07, 0.0, 0.0, 0.0, 1.2184696791468346e-07, 0.0, 0.0, 0.0, 1.2184696791468346e-07]",,-0.44129925,1.40235095,9.97336305,"[8.999999999999999e-08, 0.0, 0.0, 0.0, 8.999999999999999e-08, 0.0, 0.0, 0.0, 8.999999999999999e-08]"
1496432518233642927,,21038,,1478825572,57055745,fcu,,0.00816808637031,-0.000383069841044,0.621353142631,0.783487975508,"[1.0, 0.0, 0.0, 0.0, 1.0, 0.0, 0.0, 0.0, 1.0]",,0.00216763326898,-0.138636693358,0.987577021122,"[1.2184696791468346e-07, 0.0, 0.0, 0.0, 1.2184696791468346e-07, 0.0, 0.0, 0.0, 1.2184696791468346e-07]",,-0.44129925,1.40235095,9.97336305,"[8.999999999999999e-08, 0.0, 0.0, 0.0, 8.999999999999999e-08, 0.0, 0.0, 0.0, 8.999999999999999e-08]"
1496432518335237769,,21039,,1478825572,158393592,fcu,,0.00865015162487,0.000870735915306,0.666310963312,0.74562330762,"[1.0, 0.0, 0.0, 0.0, 1.0, 0.0, 0.0, 0.0, 1.0]",,-0.000152057764353,0.0170965213329,1.05904960632,"[1.2184696791468346e-07, 0.0, 0.0, 0.0, 1.2184696791468346e-07, 0.0, 0.0, 0.0, 1.2184696791468346e-07]",,-0.44129925,1.40235095,9.97336305,"[8.999999999999999e-08, 0.0, 0.0, 0.0, 8.999999999999999e-08, 0.0, 0.0, 0.0, 8.999999999999999e-08]"
1496432518428198473,,21040,,1478825572,251375208,fcu,,0.00850483154701,0.00136506953434,0.709670202356,0.70448137542,"[1.0, 0.0, 0.0, 0.0, 1.0, 0.0, 0.0, 0.0, 1.0]",,-0.0492649003863,0.0423047915101,1.05486953259,"[1.2184696791468346e-07, 0.0, 0.0, 0.0, 1.2184696791468346e-07, 0.0, 0.0, 0.0, 1.2184696791468346e-07]",,-0.196133,1.57887065,9.1201845,"[8.999999999999999e-08, 0.0, 0.0, 0.0, 8.999999999999999e-08, 0.0, 0.0, 0.0, 8.999999999999999e-08]"
1496432518528397328,,21041,,1478825572,350835559,fcu,,0.00534079515325,0.00198496044226,0.748346443514,0.663283601726,"[1.0, 0.0, 0.0, 0.0, 1.0, 0.0, 0.0, 0.0, 1.0]",,-0.0154030537233,0.121785677969,1.00854754448,"[1.2184696791468346e-07, 0.0, 0.0, 0.0, 1.2184696791468346e-07, 0.0, 0.0, 0.0, 1.2184696791468346e-07]",,-0.196133,1.57887065,9.1201845,"[8.999999999999999e-08, 0.0, 0.0, 0.0, 8.999999999999999e-08, 0.0, 0.0, 0.0, 8.999999999999999e-08]"
1496432518628720426,,21042,,1478825572,452165907,fcu,,0.00793451168099,0.000501628653619,0.784404474247,0.620198688062,"[1.0, 0.0, 0.0, 0.0, 1.0, 0.0, 0.0, 0.0, 1.0]",,0.033274512738,0.0205995272845,1.09864377975,"[1.2184696791468346e-07, 0.0, 0.0, 0.0, 1.2184696791468346e-07, 0.0, 0.0, 0.0, 1.2184696791468346e-07]",,-0.196133,1.57887065,9.1201845,"[8.999999999999999e-08, 0.0, 0.0, 0.0, 8.999999999999999e-08, 0.0, 0.0, 0.0, 8.999999999999999e-08]"
1496432518730443774,,21043,,1478825572,553506774,fcu,,0.00926610623553,0.00164205228941,0.818213703756,0.574837175142,"[1.0, 0.0, 0.0, 0.0, 1.0, 0.0, 0.0, 0.0, 1.0]",,-0.046562500298,-0.0194805562496,1.01978111267,"[1.2184696791468346e-07, 0.0, 0.0, 0.0, 1.2184696791468346e-07, 0.0, 0.0, 0.0, 1.2184696791468346e-07]",,-0.196133,1.57887065,9.1201845,"[8.999999999999999e-08, 0.0, 0.0, 0.0, 8.999999999999999e-08, 0.0, 0.0, 0.0, 8.999999999999999e-08]"
1496432518831200694,,21044,,1478825572,655011705,fcu,,0.0084340571927,0.00130004667817,0.848446989619,0.529211566734,"[1.0, 0.0, 0.0, 0.0, 1.0, 0.0, 0.0, 0.0, 1.0]",,-0.0905112549663,0.0300417244434,1.04803907871,"[1.2184696791468346e-07, 0.0, 0.0, 0.0, 1.2184696791468346e-07, 0.0, 0.0, 0.0, 1.2184696791468346e-07]",,-0.196133,1.57887065,9.1201845,"[8.999999999999999e-08, 0.0, 0.0, 0.0, 8.999999999999999e-08, 0.0, 0.0, 0.0, 8.999999999999999e-08]"
1496432518935894388,,21045,,1478825572,757394133,fcu,,0.00901478605563,-5.44436772007e-05,0.875396159858,0.483322143062,"[1.0, 0.0, 0.0, 0.0, 1.0, 0.0, 0.0, 0.0, 1.0]",,-0.00291528715752,-0.14451302588,1.01791071892,"[1.2184696791468346e-07, 0.0, 0.0, 0.0, 1.2184696791468346e-07, 0.0, 0.0, 0.0, 1.2184696791468346e-07]",,-0.14709975,1.372931,9.0025047,"[8.999999999999999e-08, 0.0, 0.0, 0.0, 8.999999999999999e-08, 0.0, 0.0, 0.0, 8.999999999999999e-08]"
1496432519034184838,,21046,,1478825572,857603128,fcu,,0.00740083354471,0.00314758275036,0.900263090855,0.435271969727,"[1.0, 0.0, 0.0, 0.0, 1.0, 0.0, 0.0, 0.0, 1.0]",,0.057364448905,0.0415490679443,1.03739535809,"[1.2184696791468346e-07, 0.0, 0.0, 0.0, 1.2184696791468346e-07, 0.0, 0.0, 0.0, 1.2184696791468346e-07]",,-0.14709975,1.372931,9.0025047,"[8.999999999999999e-08, 0.0, 0.0, 0.0, 8.999999999999999e-08, 0.0, 0.0, 0.0, 8.999999999999999e-08]"
1496432519135488179,,21047,,1478825572,958618059,fcu,,0.00752066643159,0.00327494723576,0.921789753211,0.38760336063,"[1.0, 0.0, 0.0, 0.0, 1.0, 0.0, 0.0, 0.0, 1.0]",,0.014486650005,0.0248266439885,0.984666824341,"[1.2184696791468346e-07, 0.0, 0.0, 0.0, 1.2184696791468346e-07, 0.0, 0.0, 0.0, 1.2184696791468346e-07]",,-0.14709975,1.372931,9.0025047,"[8.999999999999999e-08, 0.0, 0.0, 0.0, 8.999999999999999e-08, 0.0, 0.0, 0.0, 8.999999999999999e-08]"
1496432519226237855,,21048,,1478825573,49769158,fcu,,0.00350986422805,0.00391722802525,0.939620372794,0.342178157116,"[1.0, 0.0, 0.0, 0.0, 1.0, 0.0, 0.0, 0.0, 1.0]",,-0.0187033545226,0.0451729930937,0.948346376419,"[1.2184696791468346e-07, 0.0, 0.0, 0.0, 1.2184696791468346e-07, 0.0, 0.0, 0.0, 1.2184696791468346e-07]",,-0.14709975,1.372931,9.0025047,"[8.999999999999999e-08, 0.0, 0.0, 0.0, 8.999999999999999e-08, 0.0, 0.0, 0.0, 8.999999999999999e-08]"
1496432519327366046,,21049,,1478825573,151148359,fcu,,0.0065557229002,0.00520012553579,0.955858921119,0.293706833611,"[1.0, 0.0, 0.0, 0.0, 1.0, 0.0, 0.0, 0.0, 1.0]",,-0.00439941836521,0.0924125760794,1.0669798851,"[1.2184696791468346e-07, 0.0, 0.0, 0.0, 1.2184696791468346e-07, 0.0, 0.0, 0.0, 1.2184696791468346e-07]",,-0.14709975,1.372931,9.0025047,"[8.999999999999999e-08, 0.0, 0.0, 0.0, 8.999999999999999e-08, 0.0, 0.0, 0.0, 8.999999999999999e-08]"
1496432519431922923,,21050,,1478825573,253479173,fcu,,0.00646969962644,0.00580434145228,0.969698463246,0.244150246743,"[1.0, 0.0, 0.0, 0.0, 1.0, 0.0, 0.0, 0.0, 1.0]",,-0.0755984932184,0.0471529811621,1.03872311115,"[1.2184696791468346e-07, 0.0, 0.0, 0.0, 1.2184696791468346e-07, 0.0, 0.0, 0.0, 1.2184696791468346e-07]",,-0.22555295,1.63771055,9.4536106,"[8.999999999999999e-08, 0.0, 0.0, 0.0, 8.999999999999999e-08, 0.0, 0.0, 0.0, 8.999999999999999e-08]"
1496432519529674586,,21051,,1478825573,353802752,fcu,,0.00610110601836,0.00578993798574,0.981080836359,0.193415732694,"[1.0, 0.0, 0.0, 0.0, 1.0, 0.0, 0.0, 0.0, 1.0]",,-0.0263325273991,0.026465440169,1.06331348419,"[1.2184696791468346e-07, 0.0, 0.0, 0.0, 1.2184696791468346e-07, 0.0, 0.0, 0.0, 1.2184696791468346e-07]",,-0.22555295,1.63771055,9.4536106,"[8.999999999999999e-08, 0.0, 0.0, 0.0, 8.999999999999999e-08, 0.0, 0.0, 0.0, 8.999999999999999e-08]"
1496432519630659759,,21052,,1478825573,455022786,fcu,,0.00672494598596,0.00417303089289,0.98926148078,0.145942055485,"[1.0, 0.0, 0.0, 0.0, 1.0, 0.0, 0.0, 0.0, 1.0]",,0.00826253183186,-0.0539079271257,1.07213413715,"[1.2184696791468346e-07, 0.0, 0.0, 0.0, 1.2184696791468346e-07, 0.0, 0.0, 0.0, 1.2184696791468346e-07]",,-0.22555295,1.63771055,9.4536106,"[8.999999999999999e-08, 0.0, 0.0, 0.0, 8.999999999999999e-08, 0.0, 0.0, 0.0, 8.999999999999999e-08]"
1496432519732606481,,21053,,1478825573,556161988,fcu,,0.00577362841782,0.00719746840969,0.995414934409,0.0952048844326,"[1.0, 0.0, 0.0, 0.0, 1.0, 0.0, 0.0, 0.0, 1.0]",,0.0357548594475,-0.0279769860208,1.0645147562,"[1.2184696791468346e-07, 0.0, 0.0, 0.0, 1.2184696791468346e-07, 0.0, 0.0, 0.0, 1.2184696791468346e-07]",,-0.22555295,1.63771055,9.4536106,"[8.999999999999999e-08, 0.0, 0.0, 0.0, 8.999999999999999e-08, 0.0, 0.0, 0.0, 8.999999999999999e-08]"
1496432519833564064,,21054,,1478825573,657289888,fcu,,0.00614633884308,0.00597225587264,0.998907309045,0.0459428189822,"[1.0, 0.0, 0.0, 0.0, 1.0, 0.0, 0.0, 0.0, 1.0]",,-0.0264068879187,0.0417773872614,1.05827200413,"[1.2184696791468346e-07, 0.0, 0.0, 0.0, 1.2184696791468346e-07, 0.0, 0.0, 0.0, 1.2184696791468346e-07]",,-0.22555295,1.63771055,9.4536106,"[8.999999999999999e-08, 0.0, 0.0, 0.0, 8.999999999999999e-08, 0.0, 0.0, 0.0, 8.999999999999999e-08]"
1496432519938015624,,21055,,1478825573,760300700,fcu,,-0.00507091540904,-0.002873115752,-0.999982879381,0.000521505478678,"[1.0, 0.0, 0.0, 0.0, 1.0, 0.0, 0.0, 0.0, 1.0]",,-0.0694507807493,-0.0339261889458,1.02890694141,"[1.2184696791468346e-07, 0.0, 0.0, 0.0, 1.2184696791468346e-07, 0.0, 0.0, 0.0, 1.2184696791468346e-07]",,-0.24516625,1.4121576,9.50264385,"[8.999999999999999e-08, 0.0, 0.0, 0.0, 8.999999999999999e-08, 0.0, 0.0, 0.0, 8.999999999999999e-08]"
1496432520026483638,,21056,,1478825573,849931281,fcu,,-0.00823190801758,-0.00586507974769,-0.998794775075,0.0480295098037,"[1.0, 0.0, 0.0, 0.0, 1.0, 0.0, 0.0, 0.0, 1.0]",,0.0239454377443,0.0350597500801,1.03604531288,"[1.2184696791468346e-07, 0.0, 0.0, 0.0, 1.2184696791468346e-07, 0.0, 0.0, 0.0, 1.2184696791468346e-07]",,-0.24516625,1.4121576,9.50264385,"[8.999999999999999e-08, 0.0, 0.0, 0.0, 8.999999999999999e-08, 0.0, 0.0, 0.0, 8.999999999999999e-08]"
1496432520127185799,,21057,,1478825573,950899650,fcu,,-0.00836177182033,-0.00590797641827,-0.995533940877,0.0938474781189,"[1.0, 0.0, 0.0, 0.0, 1.0, 0.0, 0.0, 0.0, 1.0]",,0.00850545894355,-0.0378109626472,1.05599188805,"[1.2184696791468346e-07, 0.0, 0.0, 0.0, 1.2184696791468346e-07, 0.0, 0.0, 0.0, 1.2184696791468346e-07]",,-0.24516625,1.4121576,9.50264385,"[8.999999999999999e-08, 0.0, 0.0, 0.0, 8.999999999999999e-08, 0.0, 0.0, 0.0, 8.999999999999999e-08]"
1496432520228961015,,21058,,1478825574,51959998,fcu,,-0.00633558683456,-0.00603156964361,-0.990201562018,0.139371256308,"[1.0, 0.0, 0.0, 0.0, 1.0, 0.0, 0.0, 0.0, 1.0]",,-0.100917391479,0.0063280230388,1.01232588291,"[1.2184696791468346e-07, 0.0, 0.0, 0.0, 1.2184696791468346e-07, 0.0, 0.0, 0.0, 1.2184696791468346e-07]",,-0.24516625,1.4121576,9.50264385,"[8.999999999999999e-08, 0.0, 0.0, 0.0, 8.999999999999999e-08, 0.0, 0.0, 0.0, 8.999999999999999e-08]"
1496432520329628086,,21059,,1478825574,153466282,fcu,,-0.00688543557767,-0.00364243103401,-0.982527706183,0.185953300741,"[1.0, 0.0, 0.0, 0.0, 1.0, 0.0, 0.0, 0.0, 1.0]",,-0.0234324615449,-0.0423602499068,1.04899322987,"[1.2184696791468346e-07, 0.0, 0.0, 0.0, 1.2184696791468346e-07, 0.0, 0.0, 0.0, 1.2184696791468346e-07]",,-0.24516625,1.4121576,9.50264385,"[8.999999999999999e-08, 0.0, 0.0, 0.0, 8.999999999999999e-08, 0.0, 0.0, 0.0, 8.999999999999999e-08]"
1496432520435248514,,21060,,1478825574,258120528,fcu,,-0.00662319728492,-0.00450295242252,-0.972846297075,0.231313507918,"[1.0, 0.0, 0.0, 0.0, 1.0, 0.0, 0.0, 0.0, 1.0]",,-0.0213605072349,-0.0108487037942,1.08659720421,"[1.2184696791468346e-07, 0.0, 0.0, 0.0, 1.2184696791468346e-07, 0.0, 0.0, 0.0, 1.2184696791468346e-07]",,-0.18632635,1.28467115,9.022118,"[8.999999999999999e-08, 0.0, 0.0, 0.0, 8.999999999999999e-08, 0.0, 0.0, 0.0, 8.999999999999999e-08]"
1496432520534165396,,21061,,1478825574,356203747,fcu,,-0.00566104720729,-0.00410645211291,-0.961453039194,0.274880233956,"[1.0, 0.0, 0.0, 0.0, 1.0, 0.0, 0.0, 0.0, 1.0]",,0.00624964106828,0.0838072746992,1.02098405361,"[1.2184696791468346e-07, 0.0, 0.0, 0.0, 1.2184696791468346e-07, 0.0, 0.0, 0.0, 1.2184696791468346e-07]",,-0.18632635,1.28467115,9.022118,"[8.999999999999999e-08, 0.0, 0.0, 0.0, 8.999999999999999e-08, 0.0, 0.0, 0.0, 8.999999999999999e-08]"
1496432520634739154,,21062,,1478825574,457081231,fcu,,-0.00478685788442,-0.00152900460152,-0.948645883695,0.316300071903,"[1.0, 0.0, 0.0, 0.0, 1.0, 0.0, 0.0, 0.0, 1.0]",,-0.0211752783507,0.0841840580106,1.01566004753,"[1.2184696791468346e-07, 0.0, 0.0, 0.0, 1.2184696791468346e-07, 0.0, 0.0, 0.0, 1.2184696791468346e-07]",,-0.18632635,1.28467115,9.022118,"[8.999999999999999e-08, 0.0, 0.0, 0.0, 8.999999999999999e-08, 0.0, 0.0, 0.0, 8.999999999999999e-08]"
1496432520734805106,,21063,,1478825574,558744129,fcu,,-0.00344097785987,-0.00399678156063,-0.934568724034,0.355743567005,"[1.0, 0.0, 0.0, 0.0, 1.0, 0.0, 0.0, 0.0, 1.0]",,0.00637701898813,-0.0220537893474,0.983281254768,"[1.2184696791468346e-07, 0.0, 0.0, 0.0, 1.2184696791468346e-07, 0.0, 0.0, 0.0, 1.2184696791468346e-07]",,-0.18632635,1.28467115,9.022118,"[8.999999999999999e-08, 0.0, 0.0, 0.0, 8.999999999999999e-08, 0.0, 0.0, 0.0, 8.999999999999999e-08]"
1496432520826181489,,21064,,1478825574,649618197,fcu,,-0.00325218949952,-0.00399714716313,-0.918878088885,0.394507926212,"[1.0, 0.0, 0.0, 0.0, 1.0, 0.0, 0.0, 0.0, 1.0]",,-0.017129689455,-0.0184238981456,0.984568178654,"[1.2184696791468346e-07, 0.0, 0.0, 0.0, 1.2184696791468346e-07, 0.0, 0.0, 0.0, 1.2184696791468346e-07]",,-0.18632635,1.28467115,9.022118,"[8.999999999999999e-08, 0.0, 0.0, 0.0, 8.999999999999999e-08, 0.0, 0.0, 0.0, 8.999999999999999e-08]"
1496432520929264552,,21065,,1478825574,752273385,fcu,,-0.00163178682039,-0.00563732548301,-0.902481042129,0.43068959406,"[1.0, 0.0, 0.0, 0.0, 1.0, 0.0, 0.0, 0.0, 1.0]",,-0.0797390118241,-0.0641389414668,0.944214522839,"[1.2184696791468346e-07, 0.0, 0.0, 0.0, 1.2184696791468346e-07, 0.0, 0.0, 0.0, 1.2184696791468346e-07]",,-0.24516625,1.4121576,9.3359308,"[8.999999999999999e-08, 0.0, 0.0, 0.0, 8.999999999999999e-08, 0.0, 0.0, 0.0, 8.999999999999999e-08]"
1496432521028766030,,21066,,1478825574,852048371,fcu,,-0.000420766750944,-0.00419093995395,-0.88418237335,0.467122884941,"[1.0, 0.0, 0.0, 0.0, 1.0, 0.0, 0.0, 0.0, 1.0]",,0.0491199977696,-0.0733377486467,0.956431627274,"[1.2184696791468346e-07, 0.0, 0.0, 0.0, 1.2184696791468346e-07, 0.0, 0.0, 0.0, 1.2184696791468346e-07]",,-0.24516625,1.4121576,9.3359308,"[8.999999999999999e-08, 0.0, 0.0, 0.0, 8.999999999999999e-08, 0.0, 0.0, 0.0, 8.999999999999999e-08]"
1496432521130969469,,21067,,1478825574,953060646,fcu,,0.000604110126027,-0.0075540395925,-0.863370547841,0.504513497003,"[1.0, 0.0, 0.0, 0.0, 1.0, 0.0, 0.0, 0.0, 1.0]",,0.0585261136293,0.025908421725,1.03909218311,"[1.2184696791468346e-07, 0.0, 0.0, 0.0, 1.2184696791468346e-07, 0.0, 0.0, 0.0, 1.2184696791468346e-07]",,-0.24516625,1.4121576,9.3359308,"[8.999999999999999e-08, 0.0, 0.0, 0.0, 8.999999999999999e-08, 0.0, 0.0, 0.0, 8.999999999999999e-08]"
1496432521231068334,,21068,,1478825575,54631774,fcu,,0.00230755302782,-0.00781857039262,-0.84041368103,0.541884111129,"[1.0, 0.0, 0.0, 0.0, 1.0, 0.0, 0.0, 0.0, 1.0]",,-0.0432816632092,0.100463822484,1.00256705284,"[1.2184696791468346e-07, 0.0, 0.0, 0.0, 1.2184696791468346e-07, 0.0, 0.0, 0.0, 1.2184696791468346e-07]",,-0.24516625,1.4121576,9.3359308,"[8.999999999999999e-08, 0.0, 0.0, 0.0, 8.999999999999999e-08, 0.0, 0.0, 0.0, 8.999999999999999e-08]"
1496432521331563713,,21069,,1478825575,155277539,fcu,,0.00136347592289,-0.0049341320962,-0.815274976169,0.579051386758,"[1.0, 0.0, 0.0, 0.0, 1.0, 0.0, 0.0, 0.0, 1.0]",,-0.0681887790561,0.111292682588,0.976037800312,"[1.2184696791468346e-07, 0.0, 0.0, 0.0, 1.2184696791468346e-07, 0.0, 0.0, 0.0, 1.2184696791468346e-07]",,-0.24516625,1.4121576,9.3359308,"[8.999999999999999e-08, 0.0, 0.0, 0.0, 8.999999999999999e-08, 0.0, 0.0, 0.0, 8.999999999999999e-08]"
1496432521434917685,,21070,,1478825575,258081112,fcu,,0.0015635062507,-0.0063068543565,-0.789512926591,0.613699533797,"[1.0, 0.0, 0.0, 0.0, 1.0, 0.0, 0.0, 0.0, 1.0]",,-0.0529818609357,-0.0180241726339,1.0086864233,"[1.2184696791468346e-07, 0.0, 0.0, 0.0, 1.2184696791468346e-07, 0.0, 0.0, 0.0, 1.2184696791468346e-07]",,-0.16671305,1.1964113,9.7870367,"[8.999999999999999e-08, 0.0, 0.0, 0.0, 8.999999999999999e-08, 0.0, 0.0, 0.0, 8.999999999999999e-08]"
1496432521534836151,,21071,,1478825575,358086254,fcu,,0.00305749870072,-0.00789235510817,-0.764086412328,0.645058382573,"[1.0, 0.0, 0.0, 0.0, 1.0, 0.0, 0.0, 0.0, 1.0]",,0.0386257320642,-0.056739911437,1.05439198017,"[1.2184696791468346e-07, 0.0, 0.0, 0.0, 1.2184696791468346e-07, 0.0, 0.0, 0.0, 1.2184696791468346e-07]",,-0.16671305,1.1964113,9.7870367,"[8.999999999999999e-08, 0.0, 0.0, 0.0, 8.999999999999999e-08, 0.0, 0.0, 0.0, 8.999999999999999e-08]"
1496432521635311160,,21072,,1478825575,458845040,fcu,,0.00252212562864,-0.00773385059898,-0.736176876527,0.676740299453,"[1.0, 0.0, 0.0, 0.0, 1.0, 0.0, 0.0, 0.0, 1.0]",,-0.0640203729272,-0.0571772754192,1.0815012455,"[1.2184696791468346e-07, 0.0, 0.0, 0.0, 1.2184696791468346e-07, 0.0, 0.0, 0.0, 1.2184696791468346e-07]",,-0.16671305,1.1964113,9.7870367,"[8.999999999999999e-08, 0.0, 0.0, 0.0, 8.999999999999999e-08, 0.0, 0.0, 0.0, 8.999999999999999e-08]"
1496432521725786541,,21073,,1478825575,549652285,fcu,,0.00324797296669,-0.00636897933052,-0.704735110801,0.709434500415,"[1.0, 0.0, 0.0, 0.0, 1.0, 0.0, 0.0, 0.0, 1.0]",,0.0526008121669,-0.140856772661,1.04702579975,"[1.2184696791468346e-07, 0.0, 0.0, 0.0, 1.2184696791468346e-07, 0.0, 0.0, 0.0, 1.2184696791468346e-07]",,-0.16671305,1.1964113,9.7870367,"[8.999999999999999e-08, 0.0, 0.0, 0.0, 8.999999999999999e-08, 0.0, 0.0, 0.0, 8.999999999999999e-08]"
1496432521827608397,,21074,,1478825575,651300028,fcu,,0.00334730228427,-0.00903458206186,-0.670742535163,0.741627685175,"[1.0, 0.0, 0.0, 0.0, 1.0, 0.0, 0.0, 0.0, 1.0]",,-0.00185374880675,0.0283612962812,1.06528091431,"[1.2184696791468346e-07, 0.0, 0.0, 0.0, 1.2184696791468346e-07, 0.0, 0.0, 0.0, 1.2184696791468346e-07]",,-0.16671305,1.1964113,9.7870367,"[8.999999999999999e-08, 0.0, 0.0, 0.0, 8.999999999999999e-08, 0.0, 0.0, 0.0, 8.999999999999999e-08]"
1496432521930408709,,21075,,1478825575,753771831,fcu,,0.00306945845598,-0.00809355423389,-0.635553910051,0.772007966425,"[1.0, 0.0, 0.0, 0.0, 1.0, 0.0, 0.0, 0.0, 1.0]",,-0.0625573024154,-0.00679284799844,1.05405640602,"[1.2184696791468346e-07, 0.0, 0.0, 0.0, 1.2184696791468346e-07, 0.0, 0.0, 0.0, 1.2184696791468346e-07]",,-0.34323275,1.48080415,9.5320638,"[8.999999999999999e-08, 0.0, 0.0, 0.0, 8.999999999999999e-08, 0.0, 0.0, 0.0, 8.999999999999999e-08]"
1496432522032416213,,21076,,1478825575,854786762,fcu,,0.00431697089924,-0.00586934282638,-0.600043321982,0.799934326255,"[1.0, 0.0, 0.0, 0.0, 1.0, 0.0, 0.0, 0.0, 1.0]",,-0.026589974761,0.093477666378,0.874950826168,"[1.2184696791468346e-07, 0.0, 0.0, 0.0, 1.2184696791468346e-07, 0.0, 0.0, 0.0, 1.2184696791468346e-07]",,-0.34323275,1.48080415,9.5320638,"[8.999999999999999e-08, 0.0, 0.0, 0.0, 8.999999999999999e-08, 0.0, 0.0, 0.0, 8.999999999999999e-08]"
1496432522131330183,,21077,,1478825575,954533727,fcu,,0.00358732913015,-0.00766678702534,-0.561792226895,0.827235060456,"[1.0, 0.0, 0.0, 0.0, 1.0, 0.0, 0.0, 0.0, 1.0]",,-0.0302270464599,-0.00298312376253,1.05135321617,"[1.2184696791468346e-07, 0.0, 0.0, 0.0, 1.2184696791468346e-07, 0.0, 0.0, 0.0, 1.2184696791468346e-07]",,-0.34323275,1.48080415,9.5320638,"[8.999999999999999e-08, 0.0, 0.0, 0.0, 8.999999999999999e-08, 0.0, 0.0, 0.0, 8.999999999999999e-08]"
1496432522232414456,,21078,,1478825576,55530689,fcu,,0.00374178972698,-0.0104196073849,-0.519906187534,0.854151618248,"[1.0, 0.0, 0.0, 0.0, 1.0, 0.0, 0.0, 0.0, 1.0]",,-0.000386704778066,-0.0753358379006,0.94831609726,"[1.2184696791468346e-07, 0.0, 0.0, 0.0, 1.2184696791468346e-07, 0.0, 0.0, 0.0, 1.2184696791468346e-07]",,-0.34323275,1.48080415,9.5320638,"[8.999999999999999e-08, 0.0, 0.0, 0.0, 8.999999999999999e-08, 0.0, 0.0, 0.0, 8.999999999999999e-08]"
1496432522334829339,,21079,,1478825576,156898745,fcu,,0.00416668931005,-0.00808721048874,-0.47620918382,0.879284964601,"[1.0, 0.0, 0.0, 0.0, 1.0, 0.0, 0.0, 0.0, 1.0]",,-0.0600559897721,0.0809788405895,1.03120613098,"[1.2184696791468346e-07, 0.0, 0.0, 0.0, 1.2184696791468346e-07, 0.0, 0.0, 0.0, 1.2184696791468346e-07]",,-0.34323275,1.48080415,9.5320638,"[8.999999999999999e-08, 0.0, 0.0, 0.0, 8.999999999999999e-08, 0.0, 0.0, 0.0, 8.999999999999999e-08]"
1496432522436098090,,21080,,1478825576,259741120,fcu,,0.00446862862745,-0.00614346581992,-0.433030018941,0.901347486756,"[1.0, 0.0, 0.0, 0.0, 1.0, 0.0, 0.0, 0.0, 1.0]",,-0.0300366263837,-0.0349564105272,0.946747422218,"[1.2184696791468346e-07, 0.0, 0.0, 0.0, 1.2184696791468346e-07, 0.0, 0.0, 0.0, 1.2184696791468346e-07]",,-0.1176798,1.40235095,8.825985,"[8.999999999999999e-08, 0.0, 0.0, 0.0, 8.999999999999999e-08, 0.0, 0.0, 0.0, 8.999999999999999e-08]"
1496432522536142297,,21081,,1478825576,359562720,fcu,,0.00753796188362,-0.00518443647271,-0.390133976665,0.920712648442,"[1.0, 0.0, 0.0, 0.0, 1.0, 0.0, 0.0, 0.0, 1.0]",,0.064141780138,0.038856126368,0.830308675766,"[1.2184696791468346e-07, 0.0, 0.0, 0.0, 1.2184696791468346e-07, 0.0, 0.0, 0.0, 1.2184696791468346e-07]",,-0.1176798,1.40235095,8.825985,"[8.999999999999999e-08, 0.0, 0.0, 0.0, 8.999999999999999e-08, 0.0, 0.0, 0.0, 8.999999999999999e-08]"
1496432522628844215,,21082,,1478825576,451031475,fcu,,0.00756123343309,-0.00811080637072,-0.343629610797,0.939039793168,"[1.0, 0.0, 0.0, 0.0, 1.0, 0.0, 0.0, 0.0, 1.0]",,0.0380487926304,-0.00247972807847,1.03828525543,"[1.2184696791468346e-07, 0.0, 0.0, 0.0, 1.2184696791468346e-07, 0.0, 0.0, 0.0, 1.2184696791468346e-07]",,-0.1176798,1.40235095,8.825985,"[8.999999999999999e-08, 0.0, 0.0, 0.0, 8.999999999999999e-08, 0.0, 0.0, 0.0, 8.999999999999999e-08]"
1496432522728478320,,21083,,1478825576,552209583,fcu,,0.0075055251062,-0.00394189744504,-0.296266012899,0.955067839548,"[1.0, 0.0, 0.0, 0.0, 1.0, 0.0, 0.0, 0.0, 1.0]",,-0.0828411579132,0.085025370121,0.899569809437,"[1.2184696791468346e-07, 0.0, 0.0, 0.0, 1.2184696791468346e-07, 0.0, 0.0, 0.0, 1.2184696791468346e-07]",,-0.1176798,1.40235095,8.825985,"[8.999999999999999e-08, 0.0, 0.0, 0.0, 8.999999999999999e-08, 0.0, 0.0, 0.0, 8.999999999999999e-08]"
1496432522830880970,,21084,,1478825576,653318941,fcu,,0.00819666866293,-0.00564413926547,-0.25319589382,0.967363839342,"[1.0, 0.0, 0.0, 0.0, 1.0, 0.0, 0.0, 0.0, 1.0]",,-0.00822786800563,0.0450584292412,0.835094749928,"[1.2184696791468346e-07, 0.0, 0.0, 0.0, 1.2184696791468346e-07, 0.0, 0.0, 0.0, 1.2184696791468346e-07]",,-0.1176798,1.40235095,8.825985,"[8.999999999999999e-08, 0.0, 0.0, 0.0, 8.999999999999999e-08, 0.0, 0.0, 0.0, 8.999999999999999e-08]"
1496432522932739686,,21085,,1478825576,756124597,fcu,,0.00940163472115,-0.00354164812486,-0.216640578264,0.976199736654,"[1.0, 0.0, 0.0, 0.0, 1.0, 0.0, 0.0, 0.0, 1.0]",,-0.0567311942577,0.0103790331632,0.627360105515,"[1.2184696791468346e-07, 0.0, 0.0, 0.0, 1.2184696791468346e-07, 0.0, 0.0, 0.0, 1.2184696791468346e-07]",,-1.6475172,0.8433719,9.32612415,"[8.999999999999999e-08, 0.0, 0.0, 0.0, 8.999999999999999e-08, 0.0, 0.0, 0.0, 8.999999999999999e-08]"
1496432523031677885,,21086,,1478825576,855750573,fcu,,0.0094509607335,-0.00191195322208,-0.18546608701,0.982603355554,"[1.0, 0.0, 0.0, 0.0, 1.0, 0.0, 0.0, 0.0, 1.0]",,-0.0268140938133,0.0421714968979,0.517288565636,"[1.2184696791468346e-07, 0.0, 0.0, 0.0, 1.2184696791468346e-07, 0.0, 0.0, 0.0, 1.2184696791468346e-07]",,-1.6475172,0.8433719,9.32612415,"[8.999999999999999e-08, 0.0, 0.0, 0.0, 8.999999999999999e-08, 0.0, 0.0, 0.0, 8.999999999999999e-08]"
1496432523132847236,,21087,,1478825576,957058628,fcu,,0.00976502822609,0.00143516668614,-0.161313475029,0.986853863191,"[1.0, 0.0, 0.0, 0.0, 1.0, 0.0, 0.0, 0.0, 1.0]",,-0.0144887687638,0.0307028852403,0.392444461584,"[1.2184696791468346e-07, 0.0, 0.0, 0.0, 1.2184696791468346e-07, 0.0, 0.0, 0.0, 1.2184696791468346e-07]",,-1.6475172,0.8433719,9.32612415,"[8.999999999999999e-08, 0.0, 0.0, 0.0, 8.999999999999999e-08, 0.0, 0.0, 0.0, 8.999999999999999e-08]"
1496432523233988323,,21088,,1478825577,57786737,fcu,,0.0105154945901,0.00411299349966,-0.142729021946,0.989697395143,"[1.0, 0.0, 0.0, 0.0, 1.0, 0.0, 0.0, 0.0, 1.0]",,0.00940114818513,0.0261042769998,0.288704842329,"[1.2184696791468346e-07, 0.0, 0.0, 0.0, 1.2184696791468346e-07, 0.0, 0.0, 0.0, 1.2184696791468346e-07]",,-1.6475172,0.8433719,9.32612415,"[8.999999999999999e-08, 0.0, 0.0, 0.0, 8.999999999999999e-08, 0.0, 0.0, 0.0, 8.999999999999999e-08]"
1496432523336897390,,21089,,1478825577,158979376,fcu,,0.0111286882821,0.00666972362782,-0.129396771589,0.991508014383,"[1.0, 0.0, 0.0, 0.0, 1.0, 0.0, 0.0, 0.0, 1.0]",,-0.0085313655436,0.0431921444833,0.19061692059,"[1.2184696791468346e-07, 0.0, 0.0, 0.0, 1.2184696791468346e-07, 0.0, 0.0, 0.0, 1.2184696791468346e-07]",,-1.6475172,0.8433719,9.32612415,"[8.999999999999999e-08, 0.0, 0.0, 0.0, 8.999999999999999e-08, 0.0, 0.0, 0.0, 8.999999999999999e-08]"
1496432523427457995,,21090,,1478825577,251372295,fcu,,0.0109383974352,0.00846612358628,-0.121067430498,0.992547909919,"[1.0, 0.0, 0.0, 0.0, 1.0, 0.0, 0.0, 0.0, 1.0]",,-0.0166032966226,0.0550807490945,0.0681980252266,"[1.2184696791468346e-07, 0.0, 0.0, 0.0, 1.2184696791468346e-07, 0.0, 0.0, 0.0, 1.2184696791468346e-07]",,-1.38273765,0.2745862,9.3555441,"[8.999999999999999e-08, 0.0, 0.0, 0.0, 8.999999999999999e-08, 0.0, 0.0, 0.0, 8.999999999999999e-08]"
1496432523528290320,,21091,,1478825577,352015925,fcu,,0.0110655850047,0.00915134476799,-0.117768796855,0.992937216648,"[1.0, 0.0, 0.0, 0.0, 1.0, 0.0, 0.0, 0.0, 1.0]",,-0.00385027402081,0.00146460358519,-0.0395099744201,"[1.2184696791468346e-07, 0.0, 0.0, 0.0, 1.2184696791468346e-07, 0.0, 0.0, 0.0, 1.2184696791468346e-07]",,-1.38273765,0.2745862,9.3555441,"[8.999999999999999e-08, 0.0, 0.0, 0.0, 8.999999999999999e-08, 0.0, 0.0, 0.0, 8.999999999999999e-08]"
1496432523629318741,,21092,,1478825577,453261012,fcu,,0.0113705983409,0.00942518295858,-0.117024049714,0.993019258226,"[1.0, 0.0, 0.0, 0.0, 1.0, 0.0, 0.0, 0.0, 1.0]",,0.0020860277582,-0.0240950360894,-0.0695544108748,"[1.2184696791468346e-07, 0.0, 0.0, 0.0, 1.2184696791468346e-07, 0.0, 0.0, 0.0, 1.2184696791468346e-07]",,-1.38273765,0.2745862,9.3555441,"[8.999999999999999e-08, 0.0, 0.0, 0.0, 8.999999999999999e-08, 0.0, 0.0, 0.0, 8.999999999999999e-08]"
1496432523730990722,,21093,,1478825577,554436151,fcu,,0.0117887994394,0.0101958397288,-0.115215947587,0.993218180704,"[1.0, 0.0, 0.0, 0.0, 1.0, 0.0, 0.0, 0.0, 1.0]",,0.00597136514261,-0.0101368371397,-0.0299391094595,"[1.2184696791468346e-07, 0.0, 0.0, 0.0, 1.2184696791468346e-07, 0.0, 0.0, 0.0, 1.2184696791468346e-07]",,-1.38273765,0.2745862,9.3555441,"[8.999999999999999e-08, 0.0, 0.0, 0.0, 8.999999999999999e-08, 0.0, 0.0, 0.0, 8.999999999999999e-08]"
1496432523832695522,,21094,,1478825577,655720509,fcu,,0.0120702377475,0.0101594341833,-0.112878872466,0.993483495287,"[1.0, 0.0, 0.0, 0.0, 1.0, 0.0, 0.0, 0.0, 1.0]",,0.000940848665778,-0.00120756926481,-0.00759529368952,"[1.2184696791468346e-07, 0.0, 0.0, 0.0, 1.2184696791468346e-07, 0.0, 0.0, 0.0, 1.2184696791468346e-07]",,-1.38273765,0.2745862,9.3555441,"[8.999999999999999e-08, 0.0, 0.0, 0.0, 8.999999999999999e-08, 0.0, 0.0, 0.0, 8.999999999999999e-08]"
1496432523934304284,,21095,,1478825577,757872261,fcu,,0.0122856327005,0.0101753691226,-0.109772305464,0.993828740803,"[1.0, 0.0, 0.0, 0.0, 1.0, 0.0, 0.0, 0.0, 1.0]",,-0.00142612901982,0.00129224988632,0.00325543759391,"[1.2184696791468346e-07, 0.0, 0.0, 0.0, 1.2184696791468346e-07, 0.0, 0.0, 0.0, 1.2184696791468346e-07]",,-0.1176798,0.392266,9.2967042,"[8.999999999999999e-08, 0.0, 0.0, 0.0, 8.999999999999999e-08, 0.0, 0.0, 0.0, 8.999999999999999e-08]"
1496432524034659630,,21096,,1478825577,858381516,fcu,,0.0125316563685,0.0101064385825,-0.106049950026,0.99423046905,"[1.0, 0.0, 0.0, 0.0, 1.0, 0.0, 0.0, 0.0, 1.0]",,-0.000612367701251,0.00104794907384,0.00681869918481,"[1.2184696791468346e-07, 0.0, 0.0, 0.0, 1.2184696791468346e-07, 0.0, 0.0, 0.0, 1.2184696791468346e-07]",,-0.1176798,0.392266,9.2967042,"[8.999999999999999e-08, 0.0, 0.0, 0.0, 8.999999999999999e-08, 0.0, 0.0, 0.0, 8.999999999999999e-08]"
1496432524126150353,,21097,,1478825577,949265428,fcu,,0.0127655520004,0.00996211111532,-0.102175065975,0.994634632876,"[1.0, 0.0, 0.0, 0.0, 1.0, 0.0, 0.0, 0.0, 1.0]",,-0.000772085913923,0.000835284008645,0.00413322169334,"[1.2184696791468346e-07, 0.0, 0.0, 0.0, 1.2184696791468346e-07, 0.0, 0.0, 0.0, 1.2184696791468346e-07]",,-0.1176798,0.392266,9.2967042,"[8.999999999999999e-08, 0.0, 0.0, 0.0, 8.999999999999999e-08, 0.0, 0.0, 0.0, 8.999999999999999e-08]"
1496432524226610527,,21098,,1478825578,50566400,fcu,,0.0129918145645,0.00991955005497,-0.0985762525884,0.994995245067,"[1.0, 0.0, 0.0, 0.0, 1.0, 0.0, 0.0, 0.0, 1.0]",,0.000292208686005,-6.93645270076e-05,-0.00060378247872,"[1.2184696791468346e-07, 0.0, 0.0, 0.0, 1.2184696791468346e-07, 0.0, 0.0, 0.0, 1.2184696791468346e-07]",,-0.1176798,0.392266,9.2967042,"[8.999999999999999e-08, 0.0, 0.0, 0.0, 8.999999999999999e-08, 0.0, 0.0, 0.0, 8.999999999999999e-08]"
1496432524327543369,,21099,,1478825578,151568102,fcu,,0.013188081633,0.00985981078489,-0.0951773335059,0.995324135054,"[1.0, 0.0, 0.0, 0.0, 1.0, 0.0, 0.0, 0.0, 1.0]",,-0.000718550640158,0.000303048931528,-0.00161467888393,"[1.2184696791468346e-07, 0.0, 0.0, 0.0, 1.2184696791468346e-07, 0.0, 0.0, 0.0, 1.2184696791468346e-07]",,-0.1176798,0.392266,9.2967042,"[8.999999999999999e-08, 0.0, 0.0, 0.0, 8.999999999999999e-08, 0.0, 0.0, 0.0, 8.999999999999999e-08]"
1496432524431595024,,21100,,1478825578,253777562,fcu,,0.0133570509688,0.00980245853544,-0.0915841991703,0.995659497749,"[1.0, 0.0, 0.0, 0.0, 1.0, 0.0, 0.0, 0.0, 1.0]",,-0.00101128022652,0.000489260943141,0.000699766387697,"[1.2184696791468346e-07, 0.0, 0.0, 0.0, 1.2184696791468346e-07, 0.0, 0.0, 0.0, 1.2184696791468346e-07]",,-0.196133,0.3726527,9.28689755,"[8.999999999999999e-08, 0.0, 0.0, 0.0, 8.999999999999999e-08, 0.0, 0.0, 0.0, 8.999999999999999e-08]"
1496432524529970924,,21101,,1478825578,353977390,fcu,,0.0135644526009,0.00982545495585,-0.0876764606714,0.996008184858,"[1.0, 0.0, 0.0, 0.0, 1.0, 0.0, 0.0, 0.0, 1.0]",,-2.69579268206e-05,0.000914969947189,0.0011786846444,"[1.2184696791468346e-07, 0.0, 0.0, 0.0, 1.2184696791468346e-07, 0.0, 0.0, 0.0, 1.2184696791468346e-07]",,-0.196133,0.3726527,9.28689755,"[8.999999999999999e-08, 0.0, 0.0, 0.0, 8.999999999999999e-08, 0.0, 0.0, 0.0, 8.999999999999999e-08]"
1496432524631582229,,21102,,1478825578,454987634,fcu,,0.0137363367982,0.0098370765808,-0.0837497828869,0.996343574698,"[1.0, 0.0, 0.0, 0.0, 1.0, 0.0, 0.0, 0.0, 1.0]",,-8.01461428637e-05,0.000170019848156,-0.00105628056917,"[1.2184696791468346e-07, 0.0, 0.0, 0.0, 1.2184696791468346e-07, 0.0, 0.0, 0.0, 1.2184696791468346e-07]",,-0.196133,0.3726527,9.28689755,"[8.999999999999999e-08, 0.0, 0.0, 0.0, 8.999999999999999e-08, 0.0, 0.0, 0.0, 8.999999999999999e-08]"
1496432524732681226,,21103,,1478825578,555804753,fcu,,0.013069965686,0.00989393795228,-0.0812610632675,0.996558039246,"[1.0, 0.0, 0.0, 0.0, 1.0, 0.0, 0.0, 0.0, 1.0]",,-0.0298072937876,-0.000447373691713,-0.0953638255596,"[1.2184696791468346e-07, 0.0, 0.0, 0.0, 1.2184696791468346e-07, 0.0, 0.0, 0.0, 1.2184696791468346e-07]",,-0.196133,0.3726527,9.28689755,"[8.999999999999999e-08, 0.0, 0.0, 0.0, 8.999999999999999e-08, 0.0, 0.0, 0.0, 8.999999999999999e-08]"
1496432524832058739,,21104,,1478825578,655990832,fcu,,0.0132264957242,0.0099053238004,-0.0864606595964,0.99611821523,"[1.0, 0.0, 0.0, 0.0, 1.0, 0.0, 0.0, 0.0, 1.0]",,-0.00378353870474,-0.00685058068484,-0.117369666696,"[1.2184696791468346e-07, 0.0, 0.0, 0.0, 1.2184696791468346e-07, 0.0, 0.0, 0.0, 1.2184696791468346e-07]",,-0.196133,0.3726527,9.28689755,"[8.999999999999999e-08, 0.0, 0.0, 0.0, 8.999999999999999e-08, 0.0, 0.0, 0.0, 8.999999999999999e-08]"
1496432524933746541,,21105,,1478825578,757529981,fcu,,0.0139500375297,0.00910196361637,-0.0830812575888,0.996403560486,"[1.0, 0.0, 0.0, 0.0, 1.0, 0.0, 0.0, 0.0, 1.0]",,-0.0022618251387,-0.00480550993234,0.00900066178292,"[1.2184696791468346e-07, 0.0, 0.0, 0.0, 1.2184696791468346e-07, 0.0, 0.0, 0.0, 1.2184696791468346e-07]",,-0.2353596,0.22555295,9.32612415,"[8.999999999999999e-08, 0.0, 0.0, 0.0, 8.999999999999999e-08, 0.0, 0.0, 0.0, 8.999999999999999e-08]"
1496432525033481942,,21106,,1478825578,857266477,fcu,,0.0149191969294,0.00844128599033,-0.0793500180109,0.996699421539,"[1.0, 0.0, 0.0, 0.0, 1.0, 0.0, 0.0, 0.0, 1.0]",,-0.00276389112696,-0.00145070778672,0.00662423018366,"[1.2184696791468346e-07, 0.0, 0.0, 0.0, 1.2184696791468346e-07, 0.0, 0.0, 0.0, 1.2184696791468346e-07]",,-0.2353596,0.22555295,9.32612415,"[8.999999999999999e-08, 0.0, 0.0, 0.0, 8.999999999999999e-08, 0.0, 0.0, 0.0, 8.999999999999999e-08]"
1496432525133996540,,21107,,1478825578,957818441,fcu,,0.0149739969522,0.00840447538651,-0.0755264469223,0.996995937817,"[1.0, 0.0, 0.0, 0.0, 1.0, 0.0, 0.0, 0.0, 1.0]",,0.000292252749205,0.00043600529898,0.00248210551217,"[1.2184696791468346e-07, 0.0, 0.0, 0.0, 1.2184696791468346e-07, 0.0, 0.0, 0.0, 1.2184696791468346e-07]",,-0.2353596,0.22555295,9.32612415,"[8.999999999999999e-08, 0.0, 0.0, 0.0, 8.999999999999999e-08, 0.0, 0.0, 0.0, 8.999999999999999e-08]"
1496432525234427187,,21108,,1478825579,58372592,fcu,,0.0150294900912,0.00833094596293,-0.0716931887122,0.99727869548,"[1.0, 0.0, 0.0, 0.0, 1.0, 0.0, 0.0, 0.0, 1.0]",,0.00114382780157,-9.60885954555e-05,0.000141138792969,"[1.2184696791468346e-07, 0.0, 0.0, 0.0, 1.2184696791468346e-07, 0.0, 0.0, 0.0, 1.2184696791468346e-07]",,-0.2353596,0.22555295,9.32612415,"[8.999999999999999e-08, 0.0, 0.0, 0.0, 8.999999999999999e-08, 0.0, 0.0, 0.0, 8.999999999999999e-08]"
1496432525334909547,,21109,,1478825579,158836014,fcu,,0.015294529039,0.0083881966533,-0.0677072039582,0.997552730471,"[1.0, 0.0, 0.0, 0.0, 1.0, 0.0, 0.0, 0.0, 1.0]",,0.00148965651169,0.000356278760592,0.00099247507751,"[1.2184696791468346e-07, 0.0, 0.0, 0.0, 1.2184696791468346e-07, 0.0, 0.0, 0.0, 1.2184696791468346e-07]",,-0.2353596,0.22555295,9.32612415,"[8.999999999999999e-08, 0.0, 0.0, 0.0, 8.999999999999999e-08, 0.0, 0.0, 0.0, 8.999999999999999e-08]"
1496432525426370029,,21110,,1478825579,250292581,fcu,,0.015566632498,0.00841061275078,-0.0635470788167,0.997821983281,"[1.0, 0.0, 0.0, 0.0, 1.0, 0.0, 0.0, 0.0, 1.0]",,0.00180893042125,-0.000574982026592,-0.000497477769386,"[1.2184696791468346e-07, 0.0, 0.0, 0.0, 1.2184696791468346e-07, 0.0, 0.0, 0.0, 1.2184696791468346e-07]",,-0.24516625,0.32361945,9.2770909,"[8.999999999999999e-08, 0.0, 0.0, 0.0, 8.999999999999999e-08, 0.0, 0.0, 0.0, 8.999999999999999e-08]"
1496432525526998137,,21111,,1478825579,350229598,fcu,,0.0156942107963,0.00840520798484,-0.0592602544114,0.99808379732,"[1.0, 0.0, 0.0, 0.0, 1.0, 0.0, 0.0, 0.0, 1.0]",,-0.000426141603384,0.000436119677033,-4.51221276307e-05,"[1.2184696791468346e-07, 0.0, 0.0, 0.0, 1.2184696791468346e-07, 0.0, 0.0, 0.0, 1.2184696791468346e-07]",,-0.24516625,0.32361945,9.2770909,"[8.999999999999999e-08, 0.0, 0.0, 0.0, 8.999999999999999e-08, 0.0, 0.0, 0.0, 8.999999999999999e-08]"
1496432525627646012,,21112,,1478825579,450570728,fcu,,0.0158104631283,0.00843280073289,-0.055093836191,0.998320382613,"[1.0, 0.0, 0.0, 0.0, 1.0, 0.0, 0.0, 0.0, 1.0]",,0.000159359711688,0.000649058027193,0.00125904334709,"[1.2184696791468346e-07, 0.0, 0.0, 0.0, 1.2184696791468346e-07, 0.0, 0.0, 0.0, 1.2184696791468346e-07]",,-0.24516625,0.32361945,9.2770909,"[8.999999999999999e-08, 0.0, 0.0, 0.0, 8.999999999999999e-08, 0.0, 0.0, 0.0, 8.999999999999999e-08]"
1496432525727274785,,21113,,1478825579,551177744,fcu,,0.0159208225913,0.00849071775929,-0.0508968855225,0.998540906605,"[1.0, 0.0, 0.0, 0.0, 1.0, 0.0, 0.0, 0.0, 1.0]",,-2.69253705483e-05,0.000356297794497,-7.17131770216e-05,"[1.2184696791468346e-07, 0.0, 0.0, 0.0, 1.2184696791468346e-07, 0.0, 0.0, 0.0, 1.2184696791468346e-07]",,-0.24516625,0.32361945,9.2770909,"[8.999999999999999e-08, 0.0, 0.0, 0.0, 8.999999999999999e-08, 0.0, 0.0, 0.0, 8.999999999999999e-08]"
1496432525828185440,,21114,,1478825579,651619030,fcu,,0.0160511212392,0.00853633311742,-0.0464402345157,0.998755624336,"[1.0, 0.0, 0.0, 0.0, 1.0, 0.0, 0.0, 0.0, 1.0]",,-0.000372859765776,0.000915025360882,-0.000976479088422,"[1.2184696791468346e-07, 0.0, 0.0, 0.0, 1.2184696791468346e-07, 0.0, 0.0, 0.0, 1.2184696791468346e-07]",,-0.24516625,0.32361945,9.2770909,"[8.999999999999999e-08, 0.0, 0.0, 0.0, 8.999999999999999e-08, 0.0, 0.0, 0.0, 8.999999999999999e-08]"
1496432525930913933,,21115,,1478825579,755128799,fcu,,0.0161553778326,0.00858209508955,-0.0418823058332,0.998955065991,"[1.0, 0.0, 0.0, 0.0, 1.0, 0.0, 0.0, 0.0, 1.0]",,0.00013271420903,0.000542516820133,-0.000869977462571,"[1.2184696791468346e-07, 0.0, 0.0, 0.0, 1.2184696791468346e-07, 0.0, 0.0, 0.0, 1.2184696791468346e-07]",,-0.22555295,0.32361945,9.2967042,"[8.999999999999999e-08, 0.0, 0.0, 0.0, 8.999999999999999e-08, 0.0, 0.0, 0.0, 8.999999999999999e-08]"
1496432526028883892,,21116,,1478825579,852996342,fcu,,0.0162673366703,0.00858972603063,-0.0374318188307,0.999129846068,"[1.0, 0.0, 0.0, 0.0, 1.0, 0.0, 0.0, 0.0, 1.0]",,5.29002791154e-05,-0.000149329134729,0.000912859162781,"[1.2184696791468346e-07, 0.0, 0.0, 0.0, 1.2184696791468346e-07, 0.0, 0.0, 0.0, 1.2184696791468346e-07]",,-0.22555295,0.32361945,9.2967042,"[8.999999999999999e-08, 0.0, 0.0, 0.0, 8.999999999999999e-08, 0.0, 0.0, 0.0, 8.999999999999999e-08]"
1496432526129471695,,21117,,1478825579,953574503,fcu,,0.0163582130383,0.00860933050209,-0.0329023559043,0.999287607884,"[1.0, 0.0, 0.0, 0.0, 1.0, 0.0, 0.0, 0.0, 1.0]",,-0.000718788884114,0.00179318594746,0.000513620558195,"[1.2184696791468346e-07, 0.0, 0.0, 0.0, 1.2184696791468346e-07, 0.0, 0.0, 0.0, 1.2184696791468346e-07]",,-0.22555295,0.32361945,9.2967042,"[8.999999999999999e-08, 0.0, 0.0, 0.0, 8.999999999999999e-08, 0.0, 0.0, 0.0, 8.999999999999999e-08]"
1496432526230009899,,21118,,1478825580,53955686,fcu,,0.0164733677177,0.0086521685905,-0.0282805699013,0.999426824485,"[1.0, 0.0, 0.0, 0.0, 1.0, 0.0, 0.0, 0.0, 1.0]",,0.000478646892589,0.00240527628921,0.00072662247112,"[1.2184696791468346e-07, 0.0, 0.0, 0.0, 1.2184696791468346e-07, 0.0, 0.0, 0.0, 1.2184696791468346e-07]",,-0.22555295,0.32361945,9.2967042,"[8.999999999999999e-08, 0.0, 0.0, 0.0, 8.999999999999999e-08, 0.0, 0.0, 0.0, 8.999999999999999e-08]"
1496432526331455097,,21119,,1478825580,155478584,fcu,,0.0165619186821,0.00866082807596,-0.0234020861766,0.999551417021,"[1.0, 0.0, 0.0, 0.0, 1.0, 0.0, 0.0, 0.0, 1.0]",,-0.000266402144916,0.00115456816275,0.00104584591463,"[1.2184696791468346e-07, 0.0, 0.0, 0.0, 1.2184696791468346e-07, 0.0, 0.0, 0.0, 1.2184696791468346e-07]",,-0.22555295,0.32361945,9.2967042,"[8.999999999999999e-08, 0.0, 0.0, 0.0, 8.999999999999999e-08, 0.0, 0.0, 0.0, 8.999999999999999e-08]"
1496432526433408099,,21120,,1478825580,257529399,fcu,,0.0166244156108,0.00869278161021,-0.01857039076,0.999651541759,"[1.0, 0.0, 0.0, 0.0, 1.0, 0.0, 0.0, 0.0, 1.0]",,-0.00077247666195,0.00182081456296,0.00038101739483,"[1.2184696791468346e-07, 0.0, 0.0, 0.0, 1.2184696791468346e-07, 0.0, 0.0, 0.0, 1.2184696791468346e-07]",,-0.2353596,0.32361945,9.2967042,"[8.999999999999999e-08, 0.0, 0.0, 0.0, 8.999999999999999e-08, 0.0, 0.0, 0.0, 8.999999999999999e-08]"
1496432526531752446,,21121,,1478825580,355721419,fcu,,0.0167068543388,0.0087135950517,-0.0138848730871,0.999726044764,"[1.0, 0.0, 0.0, 0.0, 1.0, 0.0, 0.0, 0.0, 1.0]",,0.000532122794539,0.000329696398694,-9.83305944828e-05,"[1.2184696791468346e-07, 0.0, 0.0, 0.0, 1.2184696791468346e-07, 0.0, 0.0, 0.0, 1.2184696791468346e-07]",,-0.2353596,0.32361945,9.2967042,"[8.999999999999999e-08, 0.0, 0.0, 0.0, 8.999999999999999e-08, 0.0, 0.0, 0.0, 8.999999999999999e-08]"
1496432526632267552,,21122,,1478825580,456194321,fcu,,0.016809145407,0.00870794456085,-0.00904883518639,0.999779847223,"[1.0, 0.0, 0.0, 0.0, 1.0, 0.0, 0.0, 0.0, 1.0]",,-0.000772118277382,0.000941838836297,0.000513790932018,"[1.2184696791468346e-07, 0.0, 0.0, 0.0, 1.2184696791468346e-07, 0.0, 0.0, 0.0, 1.2184696791468346e-07]",,-0.2353596,0.32361945,9.2967042,"[8.999999999999999e-08, 0.0, 0.0, 0.0, 8.999999999999999e-08, 0.0, 0.0, 0.0, 8.999999999999999e-08]"
1496432526732894408,,21123,,1478825580,556781336,fcu,,0.0168697044756,0.0087379743178,-0.00396789782928,0.999811640592,"[1.0, 0.0, 0.0, 0.0, 1.0, 0.0, 0.0, 0.0, 1.0]",,0.000505172705743,-0.000255714141531,0.000753022439312,"[1.2184696791468346e-07, 0.0, 0.0, 0.0, 1.2184696791468346e-07, 0.0, 0.0, 0.0, 1.2184696791468346e-07]",,-0.2353596,0.32361945,9.2967042,"[8.999999999999999e-08, 0.0, 0.0, 0.0, 8.999999999999999e-08, 0.0, 0.0, 0.0, 8.999999999999999e-08]"
1496432526833152797,,21124,,1478825580,657193508,fcu,,0.0169580069294,0.00871320728333,0.00108758673255,0.999817644961,"[1.0, 0.0, 0.0, 0.0, 1.0, 0.0, 0.0, 0.0, 1.0]",,0.0016491774004,-0.000628172769211,0.000407111132517,"[1.2184696791468346e-07, 0.0, 0.0, 0.0, 1.2184696791468346e-07, 0.0, 0.0, 0.0, 1.2184696791468346e-07]",,-0.2353596,0.32361945,9.2967042,"[8.999999999999999e-08, 0.0, 0.0, 0.0, 8.999999999999999e-08, 0.0, 0.0, 0.0, 8.999999999999999e-08]"
1496432526936443109,,21125,,1478825580,760705309,fcu,,0.0170249129779,0.00870644863823,0.00601139911477,0.999799086402,"[1.0, 0.0, 0.0, 0.0, 1.0, 0.0, 0.0, 0.0, 1.0]",,-0.000559293897822,0.0012346606236,-0.000683919060975,"[1.2184696791468346e-07, 0.0, 0.0, 0.0, 1.2184696791468346e-07, 0.0, 0.0, 0.0, 1.2184696791468346e-07]",,-0.2353596,0.3334261,9.2967042,"[8.999999999999999e-08, 0.0, 0.0, 0.0, 8.999999999999999e-08, 0.0, 0.0, 0.0, 8.999999999999999e-08]"
1496432527034644098,,21126,,1478825580,858728476,fcu,,0.0170756387926,0.00874984098483,0.0110964201093,0.999754335976,"[1.0, 0.0, 0.0, 0.0, 1.0, 0.0, 0.0, 0.0, 1.0]",,-0.000239795583184,-0.000335489487043,0.000486936536618,"[1.2184696791468346e-07, 0.0, 0.0, 0.0, 1.2184696791468346e-07, 0.0, 0.0, 0.0, 1.2184696791468346e-07]",,-0.2353596,0.3334261,9.2967042,"[8.999999999999999e-08, 0.0, 0.0, 0.0, 8.999999999999999e-08, 0.0, 0.0, 0.0, 8.999999999999999e-08]"
1496432527135174396,,21127,,1478825580,959106117,fcu,,0.0171639244228,0.00875490285883,0.0164887201487,0.999678385023,"[1.0, 0.0, 0.0, 0.0, 1.0, 0.0, 0.0, 0.0, 1.0]",,0.00188885233365,0.000196608074475,0.000620053848252,"[1.2184696791468346e-07, 0.0, 0.0, 0.0, 1.2184696791468346e-07, 0.0, 0.0, 0.0, 1.2184696791468346e-07]",,-0.2353596,0.3334261,9.2967042,"[8.999999999999999e-08, 0.0, 0.0, 0.0, 8.999999999999999e-08, 0.0, 0.0, 0.0, 8.999999999999999e-08]"
1496432527225591451,,21128,,1478825581,49527478,fcu,,0.0172195450857,0.00878165624961,0.0218303580843,0.999574812231,"[1.0, 0.0, 0.0, 0.0, 1.0, 0.0, 0.0, 0.0, 1.0]",,0.000318863778375,-0.000255561753875,-9.84198995866e-05,"[1.2184696791468346e-07, 0.0, 0.0, 0.0, 1.2184696791468346e-07, 0.0, 0.0, 0.0, 1.2184696791468346e-07]",,-0.2353596,0.3334261,9.2967042,"[8.999999999999999e-08, 0.0, 0.0, 0.0, 8.999999999999999e-08, 0.0, 0.0, 0.0, 8.999999999999999e-08]"
1496432527326296450,,21129,,1478825581,150168139,fcu,,0.0172901737454,0.00880367928534,0.0270435369742,0.999445942626,"[1.0, 0.0, 0.0, 0.0, 1.0, 0.0, 0.0, 0.0, 1.0]",,2.63161273324e-05,0.000436144997366,-0.000710467575118,"[1.2184696791468346e-07, 0.0, 0.0, 0.0, 1.2184696791468346e-07, 0.0, 0.0, 0.0, 1.2184696791468346e-07]",,-0.2353596,0.3334261,9.2967042,"[8.999999999999999e-08, 0.0, 0.0, 0.0, 8.999999999999999e-08, 0.0, 0.0, 0.0, 8.999999999999999e-08]"
1496432527429356541,,21130,,1478825581,253434263,fcu,,0.0173801490985,0.00880288820047,0.0323826745028,0.999285645833,"[1.0, 0.0, 0.0, 0.0, 1.0, 0.0, 0.0, 0.0, 1.0]",,0.00106407376006,-0.000934306415729,-0.000324095075484,"[1.2184696791468346e-07, 0.0, 0.0, 0.0, 1.2184696791468346e-07, 0.0, 0.0, 0.0, 1.2184696791468346e-07]",,-0.24516625,0.32361945,9.2770909,"[8.999999999999999e-08, 0.0, 0.0, 0.0, 8.999999999999999e-08, 0.0, 0.0, 0.0, 8.999999999999999e-08]"
1496432527527379779,,21131,,1478825581,351400451,fcu,,0.017435880371,0.00884606745861,0.0379576356497,0.999088061715,"[1.0, 0.0, 0.0, 0.0, 1.0, 0.0, 0.0, 0.0, 1.0]",,-0.000479469250422,0.00127458851784,0.000899254169781,"[1.2184696791468346e-07, 0.0, 0.0, 0.0, 1.2184696791468346e-07, 0.0, 0.0, 0.0, 1.2184696791468346e-07]",,-0.24516625,0.32361945,9.2770909,"[8.999999999999999e-08, 0.0, 0.0, 0.0, 8.999999999999999e-08, 0.0, 0.0, 0.0, 8.999999999999999e-08]"
1496432527627852844,,21132,,1478825581,451894081,fcu,,0.0174873018902,0.0088691021922,0.0435433681192,0.998859103373,"[1.0, 0.0, 0.0, 0.0, 1.0, 0.0, 0.0, 0.0, 1.0]",,-0.000213337014429,0.00082210788969,0.000473436084576,"[1.2184696791468346e-07, 0.0, 0.0, 0.0, 1.2184696791468346e-07, 0.0, 0.0, 0.0, 1.2184696791468346e-07]",,-0.24516625,0.32361945,9.2770909,"[8.999999999999999e-08, 0.0, 0.0, 0.0, 8.999999999999999e-08, 0.0, 0.0, 0.0, 8.999999999999999e-08]"
1496432527728551042,,21133,,1478825581,552420524,fcu,,0.0175434011912,0.0088717738628,0.0489412145469,0.998608170516,"[1.0, 0.0, 0.0, 0.0, 1.0, 0.0, 0.0, 0.0, 1.0]",,0.000691629888024,1.03144411696e-05,-0.000657233176753,"[1.2184696791468346e-07, 0.0, 0.0, 0.0, 1.2184696791468346e-07, 0.0, 0.0, 0.0, 1.2184696791468346e-07]",,-0.24516625,0.32361945,9.2770909,"[8.999999999999999e-08, 0.0, 0.0, 0.0, 8.999999999999999e-08, 0.0, 0.0, 0.0, 8.999999999999999e-08]"
1496432527829001734,,21134,,1478825581,652883008,fcu,,0.0175849251614,0.00888650580626,0.0545569111633,0.998316254433,"[1.0, 0.0, 0.0, 0.0, 1.0, 0.0, 0.0, 0.0, 1.0]",,-0.000718754250556,0.000781995826401,0.00088612124091,"[1.2184696791468346e-07, 0.0, 0.0, 0.0, 1.2184696791468346e-07, 0.0, 0.0, 0.0, 1.2184696791468346e-07]",,-0.24516625,0.32361945,9.2770909,"[8.999999999999999e-08, 0.0, 0.0, 0.0, 8.999999999999999e-08, 0.0, 0.0, 0.0, 8.999999999999999e-08]"
1496432527932791338,,21135,,1478825581,757029703,fcu,,0.0176543918116,0.0088862567164,0.0603658191934,0.997980623441,"[1.0, 0.0, 0.0, 0.0, 1.0, 0.0, 0.0, 0.0, 1.0]",,5.28047603439e-05,-0.000135937618325,4.75435808767e-05,"[1.2184696791468346e-07, 0.0, 0.0, 0.0, 1.2184696791468346e-07, 0.0, 0.0, 0.0, 1.2184696791468346e-07]",,-0.2353596,0.3334261,9.2967042,"[8.999999999999999e-08, 0.0, 0.0, 0.0, 8.999999999999999e-08, 0.0, 0.0, 0.0, 8.999999999999999e-08]"
1496432528030474775,,21136,,1478825581,854280788,fcu,,0.0177090121207,0.0089336788093,0.0662617501041,0.99760511263,"[1.0, 0.0, 0.0, 0.0, 1.0, 0.0, 0.0, 0.0, 1.0]",,-5.36276529601e-05,0.00132776459213,0.000473363033962,"[1.2184696791468346e-07, 0.0, 0.0, 0.0, 1.2184696791468346e-07, 0.0, 0.0, 0.0, 1.2184696791468346e-07]",,-0.2353596,0.3334261,9.2967042,"[8.999999999999999e-08, 0.0, 0.0, 0.0, 8.999999999999999e-08, 0.0, 0.0, 0.0, 8.999999999999999e-08]"
1496432528130632482,,21137,,1478825581,954767127,fcu,,0.0177206712183,0.00896214718308,0.0720672858577,0.997202067807,"[1.0, 0.0, 0.0, 0.0, 1.0, 0.0, 0.0, 0.0, 1.0]",,0.000159286486451,0.000875420635566,0.00137858325616,"[1.2184696791468346e-07, 0.0, 0.0, 0.0, 1.2184696791468346e-07, 0.0, 0.0, 0.0, 1.2184696791468346e-07]",,-0.2353596,0.3334261,9.2967042,"[8.999999999999999e-08, 0.0, 0.0, 0.0, 8.999999999999999e-08, 0.0, 0.0, 0.0, 8.999999999999999e-08]"
1496432528231234681,,21138,,1478825582,55170445,fcu,,0.0177647172114,0.00895354335401,0.0778933339542,0.996763200268,"[1.0, 0.0, 0.0, 0.0, 1.0, 0.0, 0.0, 0.0, 1.0]",,0.000372138514649,-0.000428680767072,-0.000325010041706,"[1.2184696791468346e-07, 0.0, 0.0, 0.0, 1.2184696791468346e-07, 0.0, 0.0, 0.0, 1.2184696791468346e-07]",,-0.2353596,0.3334261,9.2967042,"[8.999999999999999e-08, 0.0, 0.0, 0.0, 8.999999999999999e-08, 0.0, 0.0, 0.0, 8.999999999999999e-08]"
1496432528331712305,,21139,,1478825582,155744179,fcu,,0.0177823164235,0.00892934340651,0.0840016989832,0.996266917355,"[1.0, 0.0, 0.0, 0.0, 1.0, 0.0, 0.0, 0.0, 1.0]",,-0.0017829957651,0.000329655653331,0.000832854711916,"[1.2184696791468346e-07, 0.0, 0.0, 0.0, 1.2184696791468346e-07, 0.0, 0.0, 0.0, 1.2184696791468346e-07]",,-0.2353596,0.3334261,9.2967042,"[8.999999999999999e-08, 0.0, 0.0, 0.0, 8.999999999999999e-08, 0.0, 0.0, 0.0, 8.999999999999999e-08]"
1496432528435053684,,21140,,1478825582,259212646,fcu,,0.0178150905011,0.00897486714481,0.090103464394,0.995732614719,"[1.0, 0.0, 0.0, 0.0, 1.0, 0.0, 0.0, 0.0, 1.0]",,0.0001592484914,0.00090183201246,-0.000564467161894,"[1.2184696791468346e-07, 0.0, 0.0, 0.0, 1.2184696791468346e-07, 0.0, 0.0, 0.0, 1.2184696791468346e-07]",,-0.2353596,0.32361945,9.28689755,"[8.999999999999999e-08, 0.0, 0.0, 0.0, 8.999999999999999e-08, 0.0, 0.0, 0.0, 8.999999999999999e-08]"
1496432528533049756,,21141,,1478825582,356962533,fcu,,0.017879149781,0.00896290331172,0.0960651216933,0.995174102739,"[1.0, 0.0, 0.0, 0.0, 1.0, 0.0, 0.0, 0.0, 1.0]",,0.00101064902265,0.000449453247711,-0.000697484589182,"[1.2184696791468346e-07, 0.0, 0.0, 0.0, 1.2184696791468346e-07, 0.0, 0.0, 0.0, 1.2184696791468346e-07]",,-0.2353596,0.32361945,9.28689755,"[8.999999999999999e-08, 0.0, 0.0, 0.0, 8.999999999999999e-08, 0.0, 0.0, 0.0, 8.999999999999999e-08]"
1496432528633737058,,21142,,1478825582,457562569,fcu,,0.0178959391246,0.00899138240451,0.102108379413,0.994571651144,"[1.0, 0.0, 0.0, 0.0, 1.0, 0.0, 0.0, 0.0, 1.0]",,-0.00135689135641,0.00179256557021,3.45631560776e-05,"[1.2184696791468346e-07, 0.0, 0.0, 0.0, 1.2184696791468346e-07, 0.0, 0.0, 0.0, 1.2184696791468346e-07]",,-0.2353596,0.32361945,9.28689755,"[8.999999999999999e-08, 0.0, 0.0, 0.0, 8.999999999999999e-08, 0.0, 0.0, 0.0, 8.999999999999999e-08]"
1496432528733884049,,21143,,1478825582,557978439,fcu,,0.0179442083405,0.00900542983366,0.108389863107,0.993905702366,"[1.0, 0.0, 0.0, 0.0, 1.0, 0.0, 0.0, 0.0, 1.0]",,0.00133001024369,0.000303036998957,-0.000763521122281,"[1.2184696791468346e-07, 0.0, 0.0, 0.0, 1.2184696791468346e-07, 0.0, 0.0, 0.0, 1.2184696791468346e-07]",,-0.2353596,0.32361945,9.28689755,"[8.999999999999999e-08, 0.0, 0.0, 0.0, 8.999999999999999e-08, 0.0, 0.0, 0.0, 8.999999999999999e-08]"
1496432528834527433,,21144,,1478825582,658422903,fcu,,0.0179841925085,0.00904498315688,0.114687153302,0.993197671145,"[1.0, 0.0, 0.0, 0.0, 1.0, 0.0, 0.0, 0.0, 1.0]",,-3.20847902913e-07,0.00152729381807,0.000779877824243,"[1.2184696791468346e-07, 0.0, 0.0, 0.0, 1.2184696791468346e-07, 0.0, 0.0, 0.0, 1.2184696791468346e-07]",,-0.2353596,0.32361945,9.28689755,"[8.999999999999999e-08, 0.0, 0.0, 0.0, 8.999999999999999e-08, 0.0, 0.0, 0.0, 8.999999999999999e-08]"
1496432528937609576,,21145,,1478825582,762030693,fcu,,0.0179893423918,0.00907452870777,0.121007489948,0.992447088698,"[1.0, 0.0, 0.0, 0.0, 1.0, 0.0, 0.0, 0.0, 1.0]",,-0.00165019941051,0.000489328347612,-9.83719946817e-05,"[1.2184696791468346e-07, 0.0, 0.0, 0.0, 1.2184696791468346e-07, 0.0, 0.0, 0.0, 1.2184696791468346e-07]",,-0.2353596,0.3334261,9.28689755,"[8.999999999999999e-08, 0.0, 0.0, 0.0, 8.999999999999999e-08, 0.0, 0.0, 0.0, 8.999999999999999e-08]"
1496432529026109965,,21146,,1478825582,849861591,fcu,,0.0180541389981,0.00908294339635,0.127339158594,0.991653309828,"[1.0, 0.0, 0.0, 0.0, 1.0, 0.0, 0.0, 0.0, 1.0]",,0.00130367442034,-9.61353071034e-05,0.000673385336995,"[1.2184696791468346e-07, 0.0, 0.0, 0.0, 1.2184696791468346e-07, 0.0, 0.0, 0.0, 1.2184696791468346e-07]",,-0.2353596,0.3334261,9.28689755,"[8.999999999999999e-08, 0.0, 0.0, 0.0, 8.999999999999999e-08, 0.0, 0.0, 0.0, 8.999999999999999e-08]"
1496432529126716293,,21147,,1478825582,950365794,fcu,,0.0181073850843,0.00914399634804,0.133779993644,0.990803423105,"[1.0, 0.0, 0.0, 0.0, 1.0, 0.0, 0.0, 0.0, 1.0]",,0.000366650667274,0.000572576303966,0.00221918709576,"[1.2184696791468346e-07, 0.0, 0.0, 0.0, 1.2184696791468346e-07, 0.0, 0.0, 0.0, 1.2184696791468346e-07]",,-0.2353596,0.3334261,9.28689755,"[8.999999999999999e-08, 0.0, 0.0, 0.0, 8.999999999999999e-08, 0.0, 0.0, 0.0, 8.999999999999999e-08]"
1496432529227128482,,21148,,1478825583,51062861,fcu,,0.0181474264051,0.00917785007444,0.140408986538,0.989884717774,"[1.0, 0.0, 0.0, 0.0, 1.0, 0.0, 0.0, 0.0, 1.0]",,0.00121801381465,-0.000199037836865,0.000808838405646,"[1.2184696791468346e-07, 0.0, 0.0, 0.0, 1.2184696791468346e-07, 0.0, 0.0, 0.0, 1.2184696791468346e-07]",,-0.2353596,0.3334261,9.28689755,"[8.999999999999999e-08, 0.0, 0.0, 0.0, 8.999999999999999e-08, 0.0, 0.0, 0.0, 8.999999999999999e-08]"
1496432529327394386,,21149,,1478825583,151425137,fcu,,0.0182154178019,0.00921205468473,0.147077361852,0.988914347269,"[1.0, 0.0, 0.0, 0.0, 1.0, 0.0, 0.0, 0.0, 1.0]",,0.000260228785919,0.00107800902333,0.000675775110722,"[1.2184696791468346e-07, 0.0, 0.0, 0.0, 1.2184696791468346e-07, 0.0, 0.0, 0.0, 1.2184696791468346e-07]",,-0.2353596,0.3334261,9.28689755,"[8.999999999999999e-08, 0.0, 0.0, 0.0, 8.999999999999999e-08, 0.0, 0.0, 0.0, 8.999999999999999e-08]"
1496432529430393306,,21150,,1478825583,254593397,fcu,,0.0182583158494,0.00923369428842,0.153708317036,0.987904411401,"[1.0, 0.0, 0.0, 0.0, 1.0, 0.0, 0.0, 0.0, 1.0]",,0.00010052791913,0.000120180222439,0.00054277095478,"[1.2184696791468346e-07, 0.0, 0.0, 0.0, 1.2184696791468346e-07, 0.0, 0.0, 0.0, 1.2184696791468346e-07]",,-0.2353596,0.32361945,9.2967042,"[8.999999999999999e-08, 0.0, 0.0, 0.0, 8.999999999999999e-08, 0.0, 0.0, 0.0, 8.999999999999999e-08]"
1496432529529624331,,21151,,1478825583,353831718,fcu,,0.0183266494718,0.00928845237671,0.16034750901,0.98684676365,"[1.0, 0.0, 0.0, 0.0, 1.0, 0.0, 0.0, 0.0, 1.0]",,0.00175004615448,0.00107799237594,0.000675797928125,"[1.2184696791468346e-07, 0.0, 0.0, 0.0, 1.2184696791468346e-07, 0.0, 0.0, 0.0, 1.2184696791468346e-07]",,-0.2353596,0.32361945,9.2967042,"[8.999999999999999e-08, 0.0, 0.0, 0.0, 8.999999999999999e-08, 0.0, 0.0, 0.0, 8.999999999999999e-08]"
1496432529629513488,,21152,,1478825583,453236027,fcu,,0.0184010182216,0.00932482112131,0.167057495026,0.985731324244,"[1.0, 0.0, 0.0, 0.0, 1.0, 0.0, 0.0, 0.0, 1.0]",,0.00119155226275,0.000625792250503,0.000489525147714,"[1.2184696791468346e-07, 0.0, 0.0, 0.0, 1.2184696791468346e-07, 0.0, 0.0, 0.0, 1.2184696791468346e-07]",,-0.2353596,0.32361945,9.2967042,"[8.999999999999999e-08, 0.0, 0.0, 0.0, 8.999999999999999e-08, 0.0, 0.0, 0.0, 8.999999999999999e-08]"
1496432529729727085,,21153,,1478825583,553763564,fcu,,0.0184208907158,0.00936236317332,0.17395983534,0.984535927546,"[1.0, 0.0, 0.0, 0.0, 1.0, 0.0, 0.0, 0.0, 1.0]",,-0.00019217695808,0.000758778012823,0.00211265543476,"[1.2184696791468346e-07, 0.0, 0.0, 0.0, 1.2184696791468346e-07, 0.0, 0.0, 0.0, 1.2184696791468346e-07]",,-0.2353596,0.32361945,9.2967042,"[8.999999999999999e-08, 0.0, 0.0, 0.0, 8.999999999999999e-08, 0.0, 0.0, 0.0, 8.999999999999999e-08]"
1496432529830133937,,21154,,1478825583,654165007,fcu,,0.0184768496003,0.00938424510377,0.180820630266,0.983297738044,"[1.0, 0.0, 0.0, 0.0, 1.0, 0.0, 0.0, 0.0, 1.0]",,0.00100520427804,0.000412896712078,0.000436342612375,"[1.2184696791468346e-07, 0.0, 0.0, 0.0, 1.2184696791468346e-07, 0.0, 0.0, 0.0, 1.2184696791468346e-07]",,-0.2353596,0.32361945,9.2967042,"[8.999999999999999e-08, 0.0, 0.0, 0.0, 8.999999999999999e-08, 0.0, 0.0, 0.0, 8.999999999999999e-08]"
1496432529933349704,,21155,,1478825583,757505870,fcu,,0.0185292512676,0.00940092891468,0.187662890186,0.982013711223,"[1.0, 0.0, 0.0, 0.0, 1.0, 0.0, 0.0, 0.0, 1.0]",,0.000872244127095,0.000998328207061,0.000649200519547,"[1.2184696791468346e-07, 0.0, 0.0, 0.0, 1.2184696791468346e-07, 0.0, 0.0, 0.0, 1.2184696791468346e-07]",,-0.24516625,0.32361945,9.2967042,"[8.999999999999999e-08, 0.0, 0.0, 0.0, 8.999999999999999e-08, 0.0, 0.0, 0.0, 8.999999999999999e-08]"
1496432530031662236,,21156,,1478825583,855555495,fcu,,0.0185446915448,0.00943643780469,0.194540007898,0.980673866983,"[1.0, 0.0, 0.0, 0.0, 1.0, 0.0, 0.0, 0.0, 1.0]",,0.000100439589005,0.000333021715051,0.000755781540647,"[1.2184696791468346e-07, 0.0, 0.0, 0.0, 1.2184696791468346e-07, 0.0, 0.0, 0.0, 1.2184696791468346e-07]",,-0.24516625,0.32361945,9.2967042,"[8.999999999999999e-08, 0.0, 0.0, 0.0, 8.999999999999999e-08, 0.0, 0.0, 0.0, 8.999999999999999e-08]"
1496432530132233203,,21157,,1478825583,956037824,fcu,,0.0185964056721,0.00944938882073,0.201559009987,0.979254230647,"[1.0, 0.0, 0.0, 0.0, 1.0, 0.0, 0.0, 0.0, 1.0]",,0.000446495425422,-0.000305468565784,0.00155382812954,"[1.2184696791468346e-07, 0.0, 0.0, 0.0, 1.2184696791468346e-07, 0.0, 0.0, 0.0, 1.2184696791468346e-07]",,-0.24516625,0.32361945,9.2967042,"[8.999999999999999e-08, 0.0, 0.0, 0.0, 8.999999999999999e-08, 0.0, 0.0, 0.0, 8.999999999999999e-08]"
1496432530232998420,,21158,,1478825584,56620360,fcu,,0.0186315548993,0.0094915287072,0.208698706945,0.977756424558,"[1.0, 0.0, 0.0, 0.0, 1.0, 0.0, 0.0, 0.0, 1.0]",,0.000898753292859,-3.93921800423e-05,0.00197947770357,"[1.2184696791468346e-07, 0.0, 0.0, 0.0, 1.2184696791468346e-07, 0.0, 0.0, 0.0, 1.2184696791468346e-07]",,-0.24516625,0.32361945,9.2967042,"[8.999999999999999e-08, 0.0, 0.0, 0.0, 8.999999999999999e-08, 0.0, 0.0, 0.0, 8.999999999999999e-08]"
1496432530333388946,,21159,,1478825584,157130448,fcu,,0.0186597474624,0.00952606764423,0.215806201528,0.976211427531,"[1.0, 0.0, 0.0, 0.0, 1.0, 0.0, 0.0, 0.0, 1.0]",,0.00183002848644,-0.000225665047765,0.000516166503076,"[1.2184696791468346e-07, 0.0, 0.0, 0.0, 1.2184696791468346e-07, 0.0, 0.0, 0.0, 1.2184696791468346e-07]",,-0.24516625,0.32361945,9.2967042,"[8.999999999999999e-08, 0.0, 0.0, 0.0, 8.999999999999999e-08, 0.0, 0.0, 0.0, 8.999999999999999e-08]"
1496432530436006951,,21160,,1478825584,260212562,fcu,,0.018695081286,0.00955515041694,0.222856041711,0.974625249883,"[1.0, 0.0, 0.0, 0.0, 1.0, 0.0, 0.0, 0.0, 1.0]",,0.000579543178901,0.00203625624999,0.000649183988571,"[1.2184696791468346e-07, 0.0, 0.0, 0.0, 1.2184696791468346e-07, 0.0, 0.0, 0.0, 1.2184696791468346e-07]",,-0.2353596,0.3138128,9.30651085,"[8.999999999999999e-08, 0.0, 0.0, 0.0, 8.999999999999999e-08, 0.0, 0.0, 0.0, 8.999999999999999e-08]"
1496432530534423525,,21161,,1478825584,358393698,fcu,,0.0187049384151,0.00959567250147,0.229990806437,0.972965712295,"[1.0, 0.0, 0.0, 0.0, 1.0, 0.0, 0.0, 0.0, 1.0]",,0.000845621107146,0.000306433532387,0.000995147041976,"[1.2184696791468346e-07, 0.0, 0.0, 0.0, 1.2184696791468346e-07, 0.0, 0.0, 0.0, 1.2184696791468346e-07]",,-0.2353596,0.3138128,9.30651085,"[8.999999999999999e-08, 0.0, 0.0, 0.0, 8.999999999999999e-08, 0.0, 0.0, 0.0, 8.999999999999999e-08]"
1496432530635161966,,21162,,1478825584,458950609,fcu,,0.0187478533586,0.00959372281487,0.237238823566,0.971223053202,"[1.0, 0.0, 0.0, 0.0, 1.0, 0.0, 0.0, 0.0, 1.0]",,0.000473123975098,0.000226588963415,0.000755720539019,"[1.2184696791468346e-07, 0.0, 0.0, 0.0, 1.2184696791468346e-07, 0.0, 0.0, 0.0, 1.2184696791468346e-07]",,-0.2353596,0.3138128,9.30651085,"[8.999999999999999e-08, 0.0, 0.0, 0.0, 8.999999999999999e-08, 0.0, 0.0, 0.0, 8.999999999999999e-08]"
1496432530725284973,,21163,,1478825584,549308220,fcu,,0.018754454854,0.0096375548513,0.244455150249,0.969431311376,"[1.0, 0.0, 0.0, 0.0, 1.0, 0.0, 0.0, 0.0, 1.0]",,0.00063268316444,0.00203574635088,0.000250127923209,"[1.2184696791468346e-07, 0.0, 0.0, 0.0, 1.2184696791468346e-07, 0.0, 0.0, 0.0, 1.2184696791468346e-07]",,-0.2353596,0.3138128,9.30651085,"[8.999999999999999e-08, 0.0, 0.0, 0.0, 8.999999999999999e-08, 0.0, 0.0, 0.0, 8.999999999999999e-08]"
